snapshot_time,trip_id,stop_id,delay_sec
20260801_194017,4167310,1668,0
20260801_194017,4167310,2382,23
20260801_194017,4167310,2383,-9
20260801_194017,4167310,2384,-30
20260801_194017,4167310,1671,-30
20260801_194017,4167310,1030,0
20260801_194017,4167310,1334,22
20260801_194017,4167310,1059,16
20260801_194017,4167310,2017,15
20260801_194017,4167310,1061,-21
20260801_194017,4167310,1062,18
20260801_194017,4167310,2018,29
20260801_194017,4167310,2019,10
20260801_194017,4167310,1990,24
20260801_194017,4167310,1991,-24
20260801_194017,4167310,1993,8
20260801_194017,4167310,2008,0
20260801_194017,4167310,2028,-8
20260801_194017,4167310,2030,-22
20260801_194017,4167310,3726,14
20260801_194017,4167310,1038,-15
20260801_194017,4167310,3570,20
20260801_194017,4167310,3731,0
20260801_194017,4167310,3481,-14
20260801_194017,4167310,1042,0
20260801_194017,4167310,1044,-5
20260801_194017,4167310,3491,0
20260801_194017,4167311,1668,0
20260801_194017,4167311,2382,23
20260801_194017,4167311,2383,-9
20260801_194017,4167311,2384,-30
20260801_194017,4167311,1671,-30
20260801_194017,4167311,1030,0
20260801_194017,4167311,1334,22
20260801_194017,4167311,1059,16
20260801_194017,4167311,2017,15
20260801_194017,4167311,1061,-21
20260801_194017,4167311,1062,18
20260801_194017,4167311,2018,29
20260801_194017,4167311,2019,10
20260801_194017,4167311,1990,24
20260801_194017,4167311,1991,-24
20260801_194017,4167311,1993,8
20260801_194017,4167311,2008,0
20260801_194017,4167311,2028,-8
20260801_194017,4167311,2030,-22
20260801_194017,4167311,3726,14
20260801_194017,4167311,1038,-15
20260801_194017,4167311,3570,20
20260801_194017,4167311,3731,0
20260801_194017,4167311,3481,-14
20260801_194017,4167311,1042,0
20260801_194017,4167311,1044,-5
20260801_194017,4167311,3491,0
20260801_194017,4167675,1000,338
20260801_194017,4167675,1879,356
20260801_194017,4167675,1893,264
20260801_194017,4167675,2541,250
20260801_194017,4167675,1903,260
20260801_194017,4167675,1923,285
20260801_194017,4167675,1987,252
20260801_194017,4167675,1936,264
20260801_194017,4167675,2333,268
20260801_194017,4167675,2337,250
20260801_194017,4167675,2339,264
20260801_194017,4167675,1932,240
20260801_194017,4167675,1679,288
20260801_194017,4167675,1057,264
20260801_194017,4167676,4000,0
20260801_194017,4167676,1095,-23
20260801_194017,4167676,1180,0
20260801_194017,4167676,2669,-12
20260801_194017,4167676,1211,-15
20260801_194017,4167676,1406,-4
20260801_194017,4167676,3173,0
20260801_194017,4167676,3175,22
20260801_194017,4167676,3389,23
20260801_194017,4167676,3390,21
20260801_194017,4167676,3391,0
20260801_194017,4167676,1982,27
20260801_194017,4167676,2706,-7
20260801_194017,4167676,1377,29
20260801_194017,4167676,1000,0
20260801_194017,4167676,1879,18
20260801_194017,4167676,1893,0
20260801_194017,4167676,2541,-14
20260801_194017,4167676,1903,-4
20260801_194017,4167676,1923,21
20260801_194017,4167676,1987,-12
20260801_194017,4167676,1936,0
20260801_194017,4167676,2333,4
20260801_194017,4167676,2337,-14
20260801_194017,4167676,2339,0
20260801_194017,4167676,1932,-24
20260801_194017,4167676,1679,24
20260801_194017,4167676,1057,0
20260801_194017,4166466,1732,0
20260801_194017,4166466,1734,25
20260801_194017,4166466,1728,12
20260801_194017,4166466,3388,-30
20260801_194017,4166466,3888,0
20260801_194017,4166466,3525,5
20260801_194017,4166466,3562,27
20260801_194017,4166466,1630,0
20260801_194017,4166466,1631,-16
20260801_194017,4166466,1632,28
20260801_194017,4166466,1633,14
20260801_194017,4166466,4104,25
20260801_194017,4166466,3003,-27
20260801_194017,4166466,1584,17
20260801_194017,4166466,1585,29
20260801_194017,4166466,1586,7
20260801_194017,4166466,1587,-4
20260801_194017,4166466,1588,-20
20260801_194017,4166466,1589,16
20260801_194017,4166466,1443,14
20260801_194017,4166466,1444,0
20260801_194017,4166466,3835,-26
20260801_194017,4166466,2327,-23
20260801_194017,4166466,3877,7
20260801_194017,4166466,1054,2
20260801_194017,4166466,3851,-19
20260801_194017,4166466,3806,-18
20260801_194017,4166466,1063,0
20260801_194017,4166465,1732,0
20260801_194017,4166465,1734,25
20260801_194017,4166465,1728,12
20260801_194017,4166465,3388,-30
20260801_194017,4166465,3888,0
20260801_194017,4166465,3525,5
20260801_194017,4166465,3562,27
20260801_194017,4166465,1630,0
20260801_194017,4166465,1631,-16
20260801_194017,4166465,1632,28
20260801_194017,4166465,1633,14
20260801_194017,4166465,4104,25
20260801_194017,4166465,3003,-27
20260801_194017,4166465,1584,17
20260801_194017,4166465,1585,29
20260801_194017,4166465,1586,7
20260801_194017,4166465,1587,-4
20260801_194017,4166465,1588,-20
20260801_194017,4166465,1589,16
20260801_194017,4166465,1443,14
20260801_194017,4166465,1444,0
20260801_194017,4166465,3835,-26
20260801_194017,4166465,2327,-23
20260801_194017,4166465,3877,7
20260801_194017,4166465,1054,2
20260801_194017,4166465,3851,-19
20260801_194017,4166465,3806,-18
20260801_194017,4166465,1063,0
20260801_194017,4166464,3003,257
20260801_194017,4166464,1584,285
20260801_194017,4166464,1585,297
20260801_194017,4166464,1586,275
20260801_194017,4166464,1587,264
20260801_194017,4166464,1588,248
20260801_194017,4166464,1589,284
20260801_194017,4166464,1443,265
20260801_194017,4166464,1444,251
20260801_194017,4166464,3835,225
20260801_194017,4166464,2327,228
20260801_194017,4166464,3877,258
20260801_194017,4166464,1054,253
20260801_194017,4166464,3851,232
20260801_194017,4166464,3806,233
20260801_194017,4166464,1063,318
20260801_194017,4168528,6023,125
20260801_194017,4168528,1459,119
20260801_194017,4168528,1486,142
20260801_194017,4168528,1426,124
20260801_194017,4168528,1427,134
20260801_194017,4168528,6020,95
20260801_194017,4168528,4158,-20
20260801_194017,4168528,6021,17
20260801_194017,4168528,3539,-6
20260801_194017,4168528,1460,28
20260801_194017,4168528,1461,-9
20260801_194017,4168528,1462,-25
20260801_194017,4168528,6022,-24
20260801_194017,4168528,1464,-16
20260801_194017,4168528,1465,19
20260801_194017,4168528,1466,-5
20260801_194017,4168528,1467,-17
20260801_194017,4168528,1511,0
20260801_194017,4168649,1732,0
20260801_194017,4168649,1734,25
20260801_194017,4168649,1728,13
20260801_194017,4168649,3802,-17
20260801_194017,4168649,3990,0
20260801_194017,4168649,3991,-13
20260801_194017,4168649,3992,19
20260801_194017,4168649,3993,12
20260801_194017,4168649,3994,-6
20260801_194017,4168649,3995,-12
20260801_194017,4168649,3996,0
20260801_194017,4168529,3411,0
20260801_194017,4168529,1265,-5
20260801_194017,4168529,1266,2
20260801_194017,4168529,1267,-3
20260801_194017,4168529,1268,-30
20260801_194017,4168529,2106,3
20260801_194017,4168529,1484,-15
20260801_194017,4168529,1315,11
20260801_194017,4168529,1316,17
20260801_194017,4168529,1317,0
20260801_194017,4168529,1278,0
20260801_194017,4168529,1456,6
20260801_194017,4168529,1457,-15
20260801_194017,4168529,6023,0
20260801_194017,4168529,1459,-6
20260801_194017,4168529,1486,17
20260801_194017,4168529,1426,-1
20260801_194017,4168529,1427,9
20260801_194017,4168529,6020,0
20260801_194017,4168529,4158,-20
20260801_194017,4168529,6021,17
20260801_194017,4168529,3539,-6
20260801_194017,4168529,1460,28
20260801_194017,4168529,1461,-9
20260801_194017,4168529,1462,-25
20260801_194017,4168529,6022,-24
20260801_194017,4168529,1464,-16
20260801_194017,4168529,1465,19
20260801_194017,4168529,1466,-5
20260801_194017,4168529,1467,-17
20260801_194017,4168529,1511,0
20260801_194017,4167677,4000,0
20260801_194017,4167677,1095,-23
20260801_194017,4167677,1180,0
20260801_194017,4167677,2669,-12
20260801_194017,4167677,1211,-15
20260801_194017,4167677,1406,-4
20260801_194017,4167677,3173,0
20260801_194017,4167677,3175,22
20260801_194017,4167677,3389,23
20260801_194017,4167677,3390,21
20260801_194017,4167677,3391,0
20260801_194017,4167677,1982,27
20260801_194017,4167677,2706,-7
20260801_194017,4167677,1377,29
20260801_194017,4167677,1000,0
20260801_194017,4167677,1879,18
20260801_194017,4167677,1893,0
20260801_194017,4167677,2541,-14
20260801_194017,4167677,1903,-4
20260801_194017,4167677,1923,21
20260801_194017,4167677,1987,-12
20260801_194017,4167677,1936,0
20260801_194017,4167677,2333,4
20260801_194017,4167677,2337,-14
20260801_194017,4167677,2339,0
20260801_194017,4167677,1932,-24
20260801_194017,4167677,1679,24
20260801_194017,4167677,1057,0
20260801_194017,4165919,2165,0
20260801_194017,4165919,2166,16
20260801_194017,4165919,4221,-30
20260801_194017,4165919,2167,-3
20260801_194017,4165919,2168,18
20260801_194017,4165919,2169,-15
20260801_194017,4165919,2170,17
20260801_194017,4165919,2171,-5
20260801_194017,4165919,2172,-29
20260801_194017,4165919,2173,-12
20260801_194017,4165919,1504,-21
20260801_194017,4165919,1505,0
20260801_194017,4165919,1506,-15
20260801_194017,4165919,1507,-21
20260801_194017,4165919,2301,-27
20260801_194017,4165919,2302,5
20260801_194017,4165919,2304,13
20260801_194017,4165919,2125,3
20260801_194017,4165919,1519,0
20260801_194017,4165918,2165,109
20260801_194017,4165918,2166,125
20260801_194017,4165918,4221,79
20260801_194017,4165918,2167,106
20260801_194017,4165918,2168,127
20260801_194017,4165918,2169,94
20260801_194017,4165918,2170,126
20260801_194017,4165918,2171,104
20260801_194017,4165918,2172,80
20260801_194017,4165918,2173,97
20260801_194017,4165918,1504,88
20260801_194017,4165918,1505,109
20260801_194017,4165918,1506,94
20260801_194017,4165918,1507,88
20260801_194017,4165918,2301,82
20260801_194017,4165918,2302,114
20260801_194017,4165918,2304,122
20260801_194017,4165918,2125,112
20260801_194017,4165918,1519,109
20260801_194017,4166697,3499,0
20260801_194017,4166697,1047,1
20260801_194017,4166697,2621,-7
20260801_194017,4166697,2622,7
20260801_194017,4166697,2623,25
20260801_194017,4166697,5161,-23
20260801_194017,4166697,2860,0
20260801_194017,4166697,1874,12
20260801_194017,4166697,1875,-18
20260801_194017,4166697,3715,-13
20260801_194017,4166697,2616,2
20260801_194017,4166697,2563,0
20260801_194017,4166697,2636,-28
20260801_194017,4166697,2649,28
20260801_194017,4166697,2653,-16
20260801_194017,4166697,2408,21
20260801_194017,4166697,1375,0
20260801_194017,4166697,1879,-22
20260801_194017,4166697,1893,0
20260801_194017,4166697,2541,0
20260801_194017,4166697,2462,17
20260801_194017,4166697,2463,-8
20260801_194017,4166697,2464,-7
20260801_194017,4166697,2466,-28
20260801_194017,4166697,2537,20
20260801_194017,4166697,3088,6
20260801_194017,4166697,3089,-7
20260801_194017,4166697,3090,-26
20260801_194017,4166697,2665,0
20260801_194017,4166697,2667,-16
20260801_194017,4166697,2670,19
20260801_194017,4166697,2671,5
20260801_194017,4166697,3621,0
20260801_194017,4166696,2621,478
20260801_194017,4166696,2622,492
20260801_194017,4166696,2623,510
20260801_194017,4166696,5161,462
20260801_194017,4166696,2860,445
20260801_194017,4166696,1874,457
20260801_194017,4166696,1875,427
20260801_194017,4166696,3715,397
20260801_194017,4166696,2616,412
20260801_194017,4166696,2563,410
20260801_194017,4166696,2636,382
20260801_194017,4166696,2649,438
20260801_194017,4166696,2653,394
20260801_194017,4166696,2408,431
20260801_194017,4166696,1375,410
20260801_194017,4166696,1879,388
20260801_194017,4166696,1893,410
20260801_194017,4166696,2541,410
20260801_194017,4166696,2462,427
20260801_194017,4166696,2463,402
20260801_194017,4166696,2464,403
20260801_194017,4166696,2466,382
20260801_194017,4166696,2537,430
20260801_194017,4166696,3088,416
20260801_194017,4166696,3089,403
20260801_194017,4166696,3090,384
20260801_194017,4166696,2665,410
20260801_194017,4166696,2667,394
20260801_194017,4166696,2670,429
20260801_194017,4166696,2671,415
20260801_194017,4166696,3621,410
20260801_194017,4167780,3765,49
20260801_194017,4167780,3766,95
20260801_194017,4167780,1931,110
20260801_194017,4167780,4046,69
20260801_194017,4167780,3671,139
20260801_194017,4167780,4054,123
20260801_194017,4167780,4049,132
20260801_194017,4167780,2832,97
20260801_194017,4167780,2670,143
20260801_194017,4167780,1166,93
20260801_194017,4167780,3619,123
20260801_194017,4167780,2675,144
20260801_194017,4167780,2676,123
20260801_194017,4167780,2679,126
20260801_194017,4167780,1966,131
20260801_194017,4167780,1969,125
20260801_194017,4167780,4056,123
20260801_194017,4167780,3687,127
20260801_194017,4167780,3906,149
20260801_194017,4167780,3904,151
20260801_194017,4167780,4001,123
20260801_194017,4166695,2464,672
20260801_194017,4166695,2466,610
20260801_194017,4166695,2537,628
20260801_194017,4166695,3088,614
20260801_194017,4166695,3089,601
20260801_194017,4166695,3090,582
20260801_194017,4166695,2665,608
20260801_194017,4166695,2667,623
20260801_194017,4166695,2670,658
20260801_194017,4166695,2671,644
20260801_194017,4166695,3621,639
20260801_194017,4167781,3799,0
20260801_194017,4167781,4042,-2
20260801_194017,4167781,3761,-26
20260801_194017,4167781,3762,-27
20260801_194017,4167781,3763,0
20260801_194017,4167781,3765,-18
20260801_194017,4167781,3766,14
20260801_194017,4167781,1931,29
20260801_194017,4167781,4046,2
20260801_194017,4167781,3671,16
20260801_194017,4167781,4054,0
20260801_194017,4167781,4049,9
20260801_194017,4167781,2832,-26
20260801_194017,4167781,2670,20
20260801_194017,4167781,1166,-30
20260801_194017,4167781,3619,0
20260801_194017,4167781,2675,21
20260801_194017,4167781,2676,0
20260801_194017,4167781,2679,3
20260801_194017,4167781,1966,8
20260801_194017,4167781,1969,2
20260801_194017,4167781,4056,0
20260801_194017,4167781,3687,4
20260801_194017,4167781,3906,26
20260801_194017,4167781,3904,28
20260801_194017,4167781,4001,0
20260801_194017,4167782,3799,0
20260801_194017,4167782,4042,-2
20260801_194017,4167782,3761,-26
20260801_194017,4167782,3762,-27
20260801_194017,4167782,3763,0
20260801_194017,4167782,3765,-18
20260801_194017,4167782,3766,14
20260801_194017,4167782,1931,29
20260801_194017,4167782,4046,2
20260801_194017,4167782,3671,16
20260801_194017,4167782,4054,0
20260801_194017,4167782,4049,9
20260801_194017,4167782,2832,-26
20260801_194017,4167782,2670,20
20260801_194017,4167782,1166,-30
20260801_194017,4167782,3619,0
20260801_194017,4167782,2675,21
20260801_194017,4167782,2676,0
20260801_194017,4167782,2679,3
20260801_194017,4167782,1966,8
20260801_194017,4167782,1969,2
20260801_194017,4167782,4056,0
20260801_194017,4167782,3687,4
20260801_194017,4167782,3906,26
20260801_194017,4167782,3904,28
20260801_194017,4167782,4001,0
20260801_194017,4167428,3817,0
20260801_194017,4167428,3818,-21
20260801_194017,4167428,3819,23
20260801_194017,4167428,3820,17
20260801_194017,4167428,3821,-22
20260801_194017,4167428,3822,17
20260801_194017,4167428,3823,-17
20260801_194017,4167428,3824,0
20260801_194017,4167428,3825,-14
20260801_194017,4167428,3826,21
20260801_194017,4167428,3827,-6
20260801_194017,4167428,3839,-28
20260801_194017,4167428,3885,-29
20260801_194017,4167428,3840,-19
20260801_194017,4167428,3828,4
20260801_194017,4167428,3829,0
20260801_194017,4167428,3830,-22
20260801_194017,4167428,4089,12
20260801_194017,4167428,3831,-5
20260801_194017,4167428,3832,-11
20260801_194017,4167428,3841,-26
20260801_194017,4167428,3833,0
20260801_194017,4167428,3834,4
20260801_194017,4167428,3728,11
20260801_194017,4167428,2095,-4
20260801_194017,4167428,3847,27
20260801_194017,4167428,1212,-5
20260801_194017,4167428,3798,0
20260801_194017,4166698,3499,0
20260801_194017,4166698,1047,1
20260801_194017,4166698,2621,-7
20260801_194017,4166698,2622,7
20260801_194017,4166698,2623,25
20260801_194017,4166698,5161,-23
20260801_194017,4166698,2860,0
20260801_194017,4166698,1874,12
20260801_194017,4166698,1875,-18
20260801_194017,4166698,3715,-13
20260801_194017,4166698,2616,2
20260801_194017,4166698,2563,0
20260801_194017,4166698,2636,-28
20260801_194017,4166698,2649,28
20260801_194017,4166698,2653,-16
20260801_194017,4166698,2408,21
20260801_194017,4166698,1375,0
20260801_194017,4166698,1879,-22
20260801_194017,4166698,1893,0
20260801_194017,4166698,2541,0
20260801_194017,4166698,2462,17
20260801_194017,4166698,2463,-8
20260801_194017,4166698,2464,-7
20260801_194017,4166698,2466,-28
20260801_194017,4166698,2537,20
20260801_194017,4166698,3088,6
20260801_194017,4166698,3089,-7
20260801_194017,4166698,3090,-26
20260801_194017,4166698,2665,0
20260801_194017,4166698,2667,-16
20260801_194017,4166698,2670,19
20260801_194017,4166698,2671,5
20260801_194017,4166698,3621,0
20260801_194017,4167426,3834,365
20260801_194017,4167426,3728,372
20260801_194017,4167426,2095,331
20260801_194017,4167426,3847,362
20260801_194017,4167426,1212,330
20260801_194017,4167426,3798,335
20260801_194017,4167427,3817,248
20260801_194017,4167427,3818,227
20260801_194017,4167427,3819,271
20260801_194017,4167427,3820,265
20260801_194017,4167427,3821,226
20260801_194017,4167427,3822,254
20260801_194017,4167427,3823,207
20260801_194017,4167427,3824,277
20260801_194017,4167427,3825,263
20260801_194017,4167427,3826,298
20260801_194017,4167427,3827,271
20260801_194017,4167427,3839,249
20260801_194017,4167427,3885,248
20260801_194017,4167427,3840,258
20260801_194017,4167427,3828,281
20260801_194017,4167427,3829,277
20260801_194017,4167427,3830,255
20260801_194017,4167427,4089,289
20260801_194017,4167427,3831,272
20260801_194017,4167427,3832,266
20260801_194017,4167427,3841,251
20260801_194017,4167427,3833,277
20260801_194017,4167427,3834,281
20260801_194017,4167427,3728,288
20260801_194017,4167427,2095,273
20260801_194017,4167427,3847,304
20260801_194017,4167427,1212,272
20260801_194017,4167427,3798,277
20260801_194017,4165351,1668,0
20260801_194017,4165351,2926,22
20260801_194017,4165351,2853,7
20260801_194017,4165351,2854,-22
20260801_194017,4165351,2855,8
20260801_194017,4165351,2856,28
20260801_194017,4165351,2857,-6
20260801_194017,4165351,2858,27
20260801_194017,4165351,2859,-2
20260801_194017,4165351,2860,-29
20260801_194017,4165351,2967,0
20260801_194017,4165351,2575,17
20260801_194017,4165351,2576,14
20260801_194017,4165351,2591,-3
20260801_194017,4165351,2592,-1
20260801_194017,4165351,2593,12
20260801_194017,4165351,2594,-20
20260801_194017,4165351,2595,7
20260801_194017,4165351,3495,0
20260801_194017,4165350,2926,135
20260801_194017,4165350,2853,120
20260801_194017,4165350,2854,91
20260801_194017,4165350,2855,121
20260801_194017,4165350,2856,141
20260801_194017,4165350,2857,89
20260801_194017,4165350,2858,122
20260801_194017,4165350,2859,93
20260801_194017,4165350,2860,84
20260801_194017,4165350,2967,113
20260801_194017,4165350,2575,112
20260801_194017,4165350,2576,109
20260801_194017,4165350,2591,92
20260801_194017,4165350,2592,94
20260801_194017,4165350,2593,110
20260801_194017,4165350,2594,78
20260801_194017,4165350,2595,105
20260801_194017,4165350,3495,32
20260801_194017,4168065,1745,-15
20260801_194017,4168065,1824,15
20260801_194017,4168065,1826,32
20260801_194017,4168065,1827,6
20260801_194017,4168065,1867,-18
20260801_194017,4168065,3641,-23
20260801_194017,4168065,1731,-15
20260801_194017,4168065,1732,0
20260801_194017,4166201,1522,0
20260801_194017,4166201,5116,16
20260801_194017,4166201,2189,22
20260801_194017,4166201,2190,25
20260801_194017,4166201,2191,-20
20260801_194017,4166201,2192,24
20260801_194017,4166201,1232,-4
20260801_194017,4166201,1233,1
20260801_194017,4166201,1234,23
20260801_194017,4166201,3805,10
20260801_194017,4166201,3792,0
20260801_194017,4166201,1687,-2
20260801_194017,4166201,1686,-14
20260801_194017,4166201,3524,-29
20260801_194017,4166201,3888,0
20260801_194017,4166201,3883,29
20260801_194017,4166201,3641,-22
20260801_194017,4166201,1731,17
20260801_194017,4166201,1732,0
20260801_194017,4167890,1668,165
20260801_194017,4167890,1071,155
20260801_194017,4167890,3574,124
20260801_194017,4167890,2373,127
20260801_194017,4167890,2389,96
20260801_194017,4167890,3561,151
20260801_194017,4167890,2344,146
20260801_194017,4167890,2345,110
20260801_194017,4167890,2346,155
20260801_194017,4167890,1692,126
20260801_194017,4167890,2348,121
20260801_194017,4167890,1935,104
20260801_194017,4167890,1937,124
20260801_194017,4167890,5099,128
20260801_194017,4167890,5089,126
20260801_194017,4167890,1082,101
20260801_194017,4167890,1084,118
20260801_194017,4167890,1085,115
20260801_194017,4167890,1086,103
20260801_194017,4167890,1375,112
20260801_194017,4167890,1879,99
20260801_194017,4167890,1894,126
20260801_194017,4167890,1474,126
20260801_194017,4167890,3110,128
20260801_194017,4167890,3111,153
20260801_194017,4167890,3112,139
20260801_194017,4167890,3566,152
20260801_194017,4167890,3113,127
20260801_194017,4167890,3114,126
20260801_194017,4167890,3115,115
20260801_194017,4167890,3116,99
20260801_194017,4167890,3117,147
20260801_194017,4167890,3118,126
20260801_194017,4167890,3119,155
20260801_194017,4167890,3126,142
20260801_194017,4167890,3128,135
20260801_194017,4167890,3129,126
20260801_194017,4167890,3130,99
20260801_194017,4167890,3132,100
20260801_194017,4167890,3556,141
20260801_194017,4167890,3552,124
20260801_194017,4167890,1101,117
20260801_194017,4167890,3881,126
20260801_194017,4168066,2696,73
20260801_194017,4168066,2698,113
20260801_194017,4168066,2699,84
20260801_194017,4168066,2701,69
20260801_194017,4168066,2702,107
20260801_194017,4168066,2368,89
20260801_194017,4168066,2820,57
20260801_194017,4168066,2402,107
20260801_194017,4168066,2406,113
20260801_194017,4168066,3063,103
20260801_194017,4168066,3065,103
20260801_194017,4168066,3067,92
20260801_194017,4168066,2935,88
20260801_194017,4168066,2937,17
20260801_194017,4168066,2938,24
20260801_194017,4168066,2939,-3
20260801_194017,4168066,2940,44
20260801_194017,4168066,2884,-6
20260801_194017,4168066,1548,23
20260801_194017,4168066,1773,24
20260801_194017,4168066,1774,24
20260801_194017,4168066,1804,13
20260801_194017,4168066,1805,23
20260801_194017,4168066,1806,3
20260801_194017,4168066,1807,1
20260801_194017,4168066,4238,24
20260801_194017,4168066,3844,36
20260801_194017,4168066,1809,21
20260801_194017,4168066,1810,11
20260801_194017,4168066,1811,-5
20260801_194017,4168066,1820,42
20260801_194017,4168066,1822,39
20260801_194017,4168066,1751,24
20260801_194017,4168066,1752,11
20260801_194017,4168066,1823,10
20260801_194017,4168066,1745,-6
20260801_194017,4168066,1824,24
20260801_194017,4168066,1826,41
20260801_194017,4168066,1827,30
20260801_194017,4168066,1867,6
20260801_194017,4168066,3641,1
20260801_194017,4168066,1731,9
20260801_194017,4168066,1732,24
20260801_194017,4167891,1668,59
20260801_194017,4167891,1071,49
20260801_194017,4167891,3574,-2
20260801_194017,4167891,2373,1
20260801_194017,4167891,2389,-30
20260801_194017,4167891,3561,25
20260801_194017,4167891,2344,20
20260801_194017,4167891,2345,-16
20260801_194017,4167891,2346,29
20260801_194017,4167891,1692,0
20260801_194017,4167891,2348,-5
20260801_194017,4167891,1935,-22
20260801_194017,4167891,1937,-2
20260801_194017,4167891,5099,2
20260801_194017,4167891,5089,0
20260801_194017,4167891,1082,-25
20260801_194017,4167891,1084,-8
20260801_194017,4167891,1085,-11
20260801_194017,4167891,1086,-23
20260801_194017,4167891,1375,-14
20260801_194017,4167891,1879,-27
20260801_194017,4167891,1894,0
20260801_194017,4167891,1474,0
20260801_194017,4167891,3110,2
20260801_194017,4167891,3111,27
20260801_194017,4167891,3112,13
20260801_194017,4167891,3566,26
20260801_194017,4167891,3113,1
20260801_194017,4167891,3114,0
20260801_194017,4167891,3115,-11
20260801_194017,4167891,3116,-27
20260801_194017,4167891,3117,21
20260801_194017,4167891,3118,0
20260801_194017,4167891,3119,29
20260801_194017,4167891,3126,16
20260801_194017,4167891,3128,9
20260801_194017,4167891,3129,0
20260801_194017,4167891,3130,-27
20260801_194017,4167891,3132,-26
20260801_194017,4167891,3556,15
20260801_194017,4167891,3552,-2
20260801_194017,4167891,1101,-9
20260801_194017,4167891,3881,0
20260801_194017,4168067,1907,0
20260801_194017,4168067,4099,-20
20260801_194017,4168067,1270,5
20260801_194017,4168067,3743,-14
20260801_194017,4168067,2536,-10
20260801_194017,4168067,2538,14
20260801_194017,4168067,1272,0
20260801_194017,4168067,1922,3
20260801_194017,4168067,2689,24
20260801_194017,4168067,3897,-20
20260801_194017,4168067,2692,21
20260801_194017,4168067,2694,-25
20260801_194017,4168067,2695,-21
20260801_194017,4168067,2696,24
20260801_194017,4168067,2698,29
20260801_194017,4168067,2699,0
20260801_194017,4168067,2701,-15
20260801_194017,4168067,2702,23
20260801_194017,4168067,2368,5
20260801_194017,4168067,2820,-27
20260801_194017,4168067,2402,23
20260801_194017,4168067,2406,29
20260801_194017,4168067,3063,19
20260801_194017,4168067,3065,19
20260801_194017,4168067,3067,0
20260801_194017,4168067,2935,-4
20260801_194017,4168067,2937,-7
20260801_194017,4168067,2938,0
20260801_194017,4168067,2939,-27
20260801_194017,4168067,2940,20
20260801_194017,4168067,2884,-30
20260801_194017,4168067,1548,-1
20260801_194017,4168067,1773,0
20260801_194017,4168067,1774,0
20260801_194017,4168067,1804,-11
20260801_194017,4168067,1805,-1
20260801_194017,4168067,1806,-21
20260801_194017,4168067,1807,-23
20260801_194017,4168067,4238,0
20260801_194017,4168067,3844,12
20260801_194017,4168067,1809,-3
20260801_194017,4168067,1810,-13
20260801_194017,4168067,1811,-29
20260801_194017,4168067,1820,18
20260801_194017,4168067,1822,15
20260801_194017,4168067,1751,0
20260801_194017,4168067,1752,-13
20260801_194017,4168067,1823,-14
20260801_194017,4168067,1745,-30
20260801_194017,4168067,1824,0
20260801_194017,4168067,1826,17
20260801_194017,4168067,1827,6
20260801_194017,4168067,1867,-18
20260801_194017,4168067,3641,-23
20260801_194017,4168067,1731,-15
20260801_194017,4168067,1732,0
20260801_194017,4168068,1907,42
20260801_194017,4168068,4099,123
20260801_194017,4168068,1270,148
20260801_194017,4168068,3743,129
20260801_194017,4168068,2536,133
20260801_194017,4168068,2538,157
20260801_194017,4168068,1272,143
20260801_194017,4168068,1922,146
20260801_194017,4168068,2689,167
20260801_194017,4168068,3897,123
20260801_194017,4168068,2692,164
20260801_194017,4168068,2694,118
20260801_194017,4168068,2695,122
20260801_194017,4168068,2696,167
20260801_194017,4168068,2698,172
20260801_194017,4168068,2699,143
20260801_194017,4168068,2701,128
20260801_194017,4168068,2702,166
20260801_194017,4168068,2368,148
20260801_194017,4168068,2820,116
20260801_194017,4168068,2402,166
20260801_194017,4168068,2406,172
20260801_194017,4168068,3063,162
20260801_194017,4168068,3065,162
20260801_194017,4168068,3067,143
20260801_194017,4168068,2935,139
20260801_194017,4168068,2937,136
20260801_194017,4168068,2938,143
20260801_194017,4168068,2939,116
20260801_194017,4168068,2940,163
20260801_194017,4168068,2884,113
20260801_194017,4168068,1548,142
20260801_194017,4168068,1773,143
20260801_194017,4168068,1774,143
20260801_194017,4168068,1804,132
20260801_194017,4168068,1805,142
20260801_194017,4168068,1806,122
20260801_194017,4168068,1807,120
20260801_194017,4168068,4238,143
20260801_194017,4168068,3844,155
20260801_194017,4168068,1809,140
20260801_194017,4168068,1810,130
20260801_194017,4168068,1811,114
20260801_194017,4168068,1820,161
20260801_194017,4168068,1822,158
20260801_194017,4168068,1751,143
20260801_194017,4168068,1752,130
20260801_194017,4168068,1823,129
20260801_194017,4168068,1745,113
20260801_194017,4168068,1824,143
20260801_194017,4168068,1826,160
20260801_194017,4168068,1827,149
20260801_194017,4168068,1867,125
20260801_194017,4168068,3641,120
20260801_194017,4168068,1731,128
20260801_194017,4168068,1732,143
20260801_194017,4168506,5116,16
20260801_194017,4168506,1470,19
20260801_194017,4168506,1471,-1
20260801_194017,4168506,1472,18
20260801_194017,4168506,6102,-12
20260801_194017,4168506,1475,16
20260801_194017,4168506,3527,27
20260801_194017,4168506,1476,-7
20260801_194017,4168506,1384,-25
20260801_194017,4168506,6103,-16
20260801_194017,4168506,4194,9
20260801_194017,4168506,6104,0
20260801_194017,4168506,1477,13
20260801_194017,4168506,1478,20
20260801_194017,4168506,1479,24
20260801_194017,4168506,1480,3
20260801_194017,4168506,1409,-17
20260801_194017,4168506,6105,0
20260801_194017,4168506,1482,19
20260801_194017,4168506,1483,17
20260801_194017,4168506,1278,0
20260801_194017,4168506,3511,0
20260801_194017,4168506,1236,8
20260801_194017,4168506,3540,-27
20260801_194017,4168506,1300,-15
20260801_194017,4168506,1301,0
20260801_194017,4168506,1302,5
20260801_194017,4168506,1303,-28
20260801_194017,4168506,1304,-3
20260801_194017,4168506,1305,-11
20260801_194017,4168506,1306,0
20260801_194017,4168506,1246,-5
20260801_194017,4168506,3852,-30
20260801_194017,4168506,3853,-6
20260801_194017,4168506,3854,25
20260801_194017,4168506,3855,26
20260801_194017,4168506,3856,-16
20260801_194017,4168506,3541,19
20260801_194017,4168506,1307,0
20260801_194017,4165479,2026,0
20260801_194017,4165479,2027,2
20260801_194017,4165479,2085,0
20260801_194017,4165479,1032,-20
20260801_194017,4165479,1033,-19
20260801_194017,4165479,2086,25
20260801_194017,4165479,2087,0
20260801_194017,4165479,2884,0
20260801_194017,4165479,1548,-28
20260801_194017,4165479,1773,-20
20260801_194017,4165479,1774,-14
20260801_194017,4165479,1804,-9
20260801_194017,4165479,1805,22
20260801_194017,4165479,1806,15
20260801_194017,4165479,1807,-29
20260801_194017,4165479,4238,0
20260801_194017,4165479,3733,-20
20260801_194017,4165479,3734,25
20260801_194017,4165479,3735,26
20260801_194017,4165479,3736,6
20260801_194017,4165479,3737,-7
20260801_194017,4165479,3738,-25
20260801_194017,4165479,3739,29
20260801_194017,4165479,3632,-30
20260801_194017,4165479,3633,0
20260801_194017,4165479,3634,27
20260801_194017,4165479,3635,-11
20260801_194017,4165479,3636,4
20260801_194017,4165479,3666,3
20260801_194017,4165479,3334,-6
20260801_194017,4165479,3336,-10
20260801_194017,4165479,3667,-23
20260801_194017,4165479,3668,7
20260801_194017,4165479,3895,0
20260801_194017,4165479,3669,-26
20260801_194017,4165479,3670,25
20260801_194017,4165479,2076,-26
20260801_194017,4165479,2987,20
20260801_194017,4165479,2988,12
20260801_194017,4165479,3587,-4
20260801_194017,4165479,1672,0
20260801_194017,4166326,1410,0
20260801_194017,4166326,1411,-13
20260801_194017,4166326,1412,-29
20260801_194017,4166326,1413,0
20260801_194017,4166326,1414,-21
20260801_194017,4166326,1416,-2
20260801_194017,4166326,3522,-14
20260801_194017,4166326,1289,-17
20260801_194017,4166326,1290,24
20260801_194017,4166326,1417,25
20260801_194017,4166326,1418,10
20260801_194017,4166326,1419,0
20260801_194017,4166326,1420,0
20260801_194017,4166326,1421,-22
20260801_194017,4166326,1422,15
20260801_194017,4166326,1423,-4
20260801_194017,4166326,1424,-13
20260801_194017,4166326,1425,-23
20260801_194017,4166326,1426,10
20260801_194017,4166326,1427,15
20260801_194017,4166326,1066,0
20260801_194017,4165478,2026,0
20260801_194017,4165478,2027,2
20260801_194017,4165478,2085,0
20260801_194017,4165478,1032,-20
20260801_194017,4165478,1033,-19
20260801_194017,4165478,2086,25
20260801_194017,4165478,2087,0
20260801_194017,4165478,2884,0
20260801_194017,4165478,1548,-28
20260801_194017,4165478,1773,-20
20260801_194017,4165478,1774,-14
20260801_194017,4165478,1804,-9
20260801_194017,4165478,1805,22
20260801_194017,4165478,1806,15
20260801_194017,4165478,1807,-29
20260801_194017,4165478,4238,0
20260801_194017,4165478,3733,-20
20260801_194017,4165478,3734,25
20260801_194017,4165478,3735,26
20260801_194017,4165478,3736,6
20260801_194017,4165478,3737,-7
20260801_194017,4165478,3738,-25
20260801_194017,4165478,3739,29
20260801_194017,4165478,3632,-30
20260801_194017,4165478,3633,0
20260801_194017,4165478,3634,27
20260801_194017,4165478,3635,-11
20260801_194017,4165478,3636,4
20260801_194017,4165478,3666,3
20260801_194017,4165478,3334,-6
20260801_194017,4165478,3336,-10
20260801_194017,4165478,3667,-23
20260801_194017,4165478,3668,7
20260801_194017,4165478,3895,0
20260801_194017,4165478,3669,-26
20260801_194017,4165478,3670,25
20260801_194017,4165478,2076,-26
20260801_194017,4165478,2987,20
20260801_194017,4165478,2988,12
20260801_194017,4165478,3587,-4
20260801_194017,4165478,1672,0
20260801_194017,4165599,2817,121
20260801_194017,4165599,3677,133
20260801_194017,4165599,2819,125
20260801_194017,4165599,3749,152
20260801_194017,4165599,1925,119
20260801_194017,4165599,1926,109
20260801_194017,4165599,1927,154
20260801_194017,4165599,1928,137
20260801_194017,4165599,1929,107
20260801_194017,4165599,3598,164
20260801_194017,4165599,3599,120
20260801_194017,4165599,3443,113
20260801_194017,4165599,1121,161
20260801_194017,4165599,4016,159
20260801_194017,4165599,4050,135
20260801_194017,4165599,3757,119
20260801_194017,4165599,3758,148
20260801_194017,4165599,3759,137
20260801_194017,4165599,2067,127
20260801_194017,4165599,1204,117
20260801_194017,4165599,3393,107
20260801_194017,4165599,4005,135
20260801_194017,4166325,1410,152
20260801_194017,4166325,1411,139
20260801_194017,4166325,1412,123
20260801_194017,4166325,1413,152
20260801_194017,4166325,1414,131
20260801_194017,4166325,1416,84
20260801_194017,4166325,3522,72
20260801_194017,4166325,1289,69
20260801_194017,4166325,1290,110
20260801_194017,4166325,1417,111
20260801_194017,4166325,1418,96
20260801_194017,4166325,1419,86
20260801_194017,4166325,1420,86
20260801_194017,4166325,1421,64
20260801_194017,4166325,1422,101
20260801_194017,4166325,1423,82
20260801_194017,4166325,1424,73
20260801_194017,4166325,1425,63
20260801_194017,4166325,1426,96
20260801_194017,4166325,1427,101
20260801_194017,4166325,1066,122
20260801_194017,4165477,3733,71
20260801_194017,4165477,3734,121
20260801_194017,4165477,3735,122
20260801_194017,4165477,3736,102
20260801_194017,4165477,3737,96
20260801_194017,4165477,3738,47
20260801_194017,4165477,3739,101
20260801_194017,4165477,3632,42
20260801_194017,4165477,3633,103
20260801_194017,4165477,3634,130
20260801_194017,4165477,3635,92
20260801_194017,4165477,3636,107
20260801_194017,4165477,3666,106
20260801_194017,4165477,3334,-6
20260801_194017,4165477,3336,-10
20260801_194017,4165477,3667,-23
20260801_194017,4165477,3668,7
20260801_194017,4165477,3895,0
20260801_194017,4165477,3669,-26
20260801_194017,4165477,3670,25
20260801_194017,4165477,2076,-26
20260801_194017,4165477,2987,20
20260801_194017,4165477,2988,12
20260801_194017,4165477,3587,-4
20260801_194017,4165477,1672,0
20260801_194017,4166324,1427,151
20260801_194017,4166324,1066,136
20260801_194017,4167779,3906,182
20260801_194017,4167779,3904,184
20260801_194017,4167779,4001,138
20260801_194017,4167082,4003,580
20260801_194017,4167082,3663,591
20260801_194017,4167082,3664,590
20260801_194017,4167082,3265,641
20260801_194017,4167082,3167,651
20260801_194017,4167082,5138,678
20260801_194017,4167082,5148,643
20260801_194017,4167082,5139,623
20260801_194017,4167082,3273,648
20260801_194017,4167082,3274,651
20260801_194017,4167082,3275,644
20260801_194017,4167082,3277,656
20260801_194017,4167082,3278,635
20260801_194017,4167082,3279,645
20260801_194017,4167082,1900,651
20260801_194017,4167082,1902,629
20260801_194017,4167082,5141,631
20260801_194017,4167082,5137,626
20260801_194017,4167082,1092,651
20260801_194017,4167082,2468,621
20260801_194017,4167082,2469,655
20260801_194017,4167082,2471,651
20260801_194017,4167082,2472,624
20260801_194017,4167082,2838,669
20260801_194017,4167082,2839,651
20260801_194017,4167082,2840,663
20260801_194017,4167082,2841,670
20260801_194017,4167082,2358,646
20260801_194017,4167082,1088,651
20260801_194017,4167080,3265,331
20260801_194017,4167080,3167,317
20260801_194017,4167080,5138,344
20260801_194017,4167080,5148,304
20260801_194017,4167080,5139,284
20260801_194017,4167080,3273,309
20260801_194017,4167080,3274,312
20260801_194017,4167080,3275,305
20260801_194017,4167080,3277,317
20260801_194017,4167080,3278,296
20260801_194017,4167080,3279,306
20260801_194017,4167080,1900,312
20260801_194017,4167080,1902,290
20260801_194017,4167080,5141,292
20260801_194017,4167080,5137,373
20260801_194017,4167080,1092,398
20260801_194017,4167080,2468,368
20260801_194017,4167080,2469,402
20260801_194017,4167080,2471,398
20260801_194017,4167080,2472,371
20260801_194017,4167080,2838,416
20260801_194017,4167080,2839,398
20260801_194017,4167080,2840,410
20260801_194017,4167080,2841,417
20260801_194017,4167080,2358,393
20260801_194017,4167080,1088,398
20260801_194017,4167081,4003,0
20260801_194017,4167081,3663,11
20260801_194017,4167081,3664,10
20260801_194017,4167081,3265,-10
20260801_194017,4167081,3167,0
20260801_194017,4167081,5138,27
20260801_194017,4167081,5148,-8
20260801_194017,4167081,5139,-28
20260801_194017,4167081,3273,-3
20260801_194017,4167081,3274,0
20260801_194017,4167081,3275,-7
20260801_194017,4167081,3277,5
20260801_194017,4167081,3278,-16
20260801_194017,4167081,3279,-6
20260801_194017,4167081,1900,0
20260801_194017,4167081,1902,-22
20260801_194017,4167081,5141,-20
20260801_194017,4167081,5137,-25
20260801_194017,4167081,1092,0
20260801_194017,4167081,2468,-30
20260801_194017,4167081,2469,4
20260801_194017,4167081,2471,0
20260801_194017,4167081,2472,-27
20260801_194017,4167081,2838,18
20260801_194017,4167081,2839,0
20260801_194017,4167081,2840,12
20260801_194017,4167081,2841,19
20260801_194017,4167081,2358,-5
20260801_194017,4167081,1088,0
20260801_194017,4167640,2907,181
20260801_194017,4167640,1440,188
20260801_194017,4167640,2748,208
20260801_194017,4167640,1391,188
20260801_194017,4167640,1939,152
20260801_194017,4167640,2851,166
20260801_194017,4167640,1953,163
20260801_194017,4167640,4098,144
20260801_194017,4167640,1671,137
20260801_194017,4167640,1277,144
20260801_194017,4166791,3490,0
20260801_194017,4166791,2584,-23
20260801_194017,4166791,2585,-27
20260801_194017,4166791,2586,-30
20260801_194017,4166791,2587,5
20260801_194017,4166791,2589,10
20260801_194017,4166791,2590,0
20260801_194017,4166791,2603,11
20260801_194017,4166791,2605,23
20260801_194017,4166791,2606,1
20260801_194017,4166791,1878,5
20260801_194017,4166791,1880,-26
20260801_194017,4166791,1881,24
20260801_194017,4166791,1882,0
20260801_194017,4166791,1883,-27
20260801_194017,4166791,1884,-12
20260801_194017,4166791,1885,-23
20260801_194017,4166791,1886,21
20260801_194017,4166791,2564,-29
20260801_194017,4166791,1888,0
20260801_194017,4166791,1879,-27
20260801_194017,4166791,1893,0
20260801_194017,4166791,1896,-24
20260801_194017,4166791,1897,5
20260801_194017,4166791,1898,-2
20260801_194017,4166791,1900,0
20260801_194017,4166791,1902,8
20260801_194017,4166791,1904,12
20260801_194017,4166791,1907,0
20260801_194017,4166791,1909,27
20260801_194017,4166791,1910,-27
20260801_194017,4166791,1911,21
20260801_194017,4166791,1913,0
20260801_194017,4166791,1914,2
20260801_194017,4166791,1915,-27
20260801_194017,4166791,1916,0
20260801_194017,4166791,1917,-28
20260801_194017,4166791,1918,20
20260801_194017,4166791,1919,1
20260801_194017,4166791,1130,0
20260801_194017,4167641,1675,0
20260801_194017,4167641,4096,0
20260801_194017,4167641,4094,0
20260801_194017,4167641,4092,2
20260801_194017,4167641,2906,0
20260801_194017,4167641,2907,-7
20260801_194017,4167641,1440,0
20260801_194017,4167641,2748,20
20260801_194017,4167641,1391,0
20260801_194017,4167641,1939,8
20260801_194017,4167641,2851,22
20260801_194017,4167641,1953,19
20260801_194017,4167641,4098,0
20260801_194017,4167641,1671,-7
20260801_194017,4167641,1277,0
20260801_194017,4168730,1591,87
20260801_194017,4168730,1592,130
20260801_194017,4168730,1593,91
20260801_194017,4168730,1594,123
20260801_194017,4168730,1595,97
20260801_194017,4168730,3609,115
20260801_194017,4168730,1596,88
20260801_194017,4168730,1597,110
20260801_194017,4168730,2899,73
20260801_194017,4168730,2900,99
20260801_194017,4168730,1600,51
20260801_194017,4168730,1601,99
20260801_194017,4168730,1602,101
20260801_194017,4168730,4164,87
20260801_194017,4168730,2482,134
20260801_194017,4168730,2483,116
20260801_194017,4168730,2484,90
20260801_194017,4168730,2485,130
20260801_194017,4168730,2486,111
20260801_194017,4168730,4200,97
20260801_194017,4168730,4201,130
20260801_194017,4168730,4202,110
20260801_194017,4168730,2489,81
20260801_194017,4168730,2490,106
20260801_194017,4168730,4203,124
20260801_194017,4168730,4204,152
20260801_194017,4168730,4205,147
20260801_194017,4168730,2229,141
20260801_194017,4168730,2230,153
20260801_194017,4168730,2231,121
20260801_194017,4168730,4159,158
20260801_194017,4168730,4160,132
20260801_194017,4168730,2280,133
20260801_194017,4168730,4206,152
20260801_194017,4168730,4207,147
20260801_194017,4168730,4215,139
20260801_194017,4168730,4216,161
20260801_194017,4168730,4217,117
20260801_194017,4168730,4218,137
20260801_194017,4168730,2159,157
20260801_194017,4168730,1517,147
20260801_194017,4166790,3490,0
20260801_194017,4166790,2584,-23
20260801_194017,4166790,2585,-27
20260801_194017,4166790,2586,-30
20260801_194017,4166790,2587,5
20260801_194017,4166790,2589,10
20260801_194017,4166790,2590,0
20260801_194017,4166790,2603,11
20260801_194017,4166790,2605,23
20260801_194017,4166790,2606,1
20260801_194017,4166790,1878,5
20260801_194017,4166790,1880,-26
20260801_194017,4166790,1881,24
20260801_194017,4166790,1882,0
20260801_194017,4166790,1883,-27
20260801_194017,4166790,1884,-12
20260801_194017,4166790,1885,-23
20260801_194017,4166790,1886,21
20260801_194017,4166790,2564,-29
20260801_194017,4166790,1888,0
20260801_194017,4166790,1879,-27
20260801_194017,4166790,1893,0
20260801_194017,4166790,1896,-24
20260801_194017,4166790,1897,5
20260801_194017,4166790,1898,-2
20260801_194017,4166790,1900,0
20260801_194017,4166790,1902,8
20260801_194017,4166790,1904,12
20260801_194017,4166790,1907,0
20260801_194017,4166790,1909,27
20260801_194017,4166790,1910,-27
20260801_194017,4166790,1911,21
20260801_194017,4166790,1913,0
20260801_194017,4166790,1914,2
20260801_194017,4166790,1915,-27
20260801_194017,4166790,1916,0
20260801_194017,4166790,1917,-28
20260801_194017,4166790,1918,20
20260801_194017,4166790,1919,1
20260801_194017,4166790,1130,0
20260801_194017,4167642,1675,0
20260801_194017,4167642,4096,0
20260801_194017,4167642,4094,0
20260801_194017,4167642,4092,2
20260801_194017,4167642,2906,0
20260801_194017,4167642,2907,-7
20260801_194017,4167642,1440,0
20260801_194017,4167642,2748,20
20260801_194017,4167642,1391,0
20260801_194017,4167642,1939,8
20260801_194017,4167642,2851,22
20260801_194017,4167642,1953,19
20260801_194017,4167642,4098,0
20260801_194017,4167642,1671,-7
20260801_194017,4167642,1277,0
20260801_194017,4168731,1065,0
20260801_194017,4168731,1392,18
20260801_194017,4168731,1051,-23
20260801_194017,4168731,3878,19
20260801_194017,4168731,2313,-1
20260801_194017,4168731,1445,6
20260801_194017,4168731,1401,-21
20260801_194017,4168731,1591,0
20260801_194017,4168731,1592,20
20260801_194017,4168731,1593,-19
20260801_194017,4168731,1594,13
20260801_194017,4168731,1595,-13
20260801_194017,4168731,3609,5
20260801_194017,4168731,1596,-22
20260801_194017,4168731,1597,0
20260801_194017,4168731,2899,-14
20260801_194017,4168731,2900,-11
20260801_194017,4168731,1600,0
20260801_194017,4168731,1601,-12
20260801_194017,4168731,1602,-10
20260801_194017,4168731,4164,-24
20260801_194017,4168731,2482,23
20260801_194017,4168731,2483,5
20260801_194017,4168731,2484,-21
20260801_194017,4168731,2485,19
20260801_194017,4168731,2486,0
20260801_194017,4168731,4200,-14
20260801_194017,4168731,4201,19
20260801_194017,4168731,4202,-1
20260801_194017,4168731,2489,-30
20260801_194017,4168731,2490,-5
20260801_194017,4168731,4203,13
20260801_194017,4168731,4204,5
20260801_194017,4168731,4205,0
20260801_194017,4168731,2229,-6
20260801_194017,4168731,2230,6
20260801_194017,4168731,2231,-26
20260801_194017,4168731,4159,11
20260801_194017,4168731,4160,-15
20260801_194017,4168731,2280,-14
20260801_194017,4168731,4206,5
20260801_194017,4168731,4207,0
20260801_194017,4168731,4215,-8
20260801_194017,4168731,4216,14
20260801_194017,4168731,4217,-30
20260801_194017,4168731,4218,-10
20260801_194017,4168731,2159,10
20260801_194017,4168731,1517,0
20260801_194017,4168732,1065,0
20260801_194017,4168732,1392,18
20260801_194017,4168732,1051,-23
20260801_194017,4168732,3878,19
20260801_194017,4168732,2313,-1
20260801_194017,4168732,1445,6
20260801_194017,4168732,1401,-21
20260801_194017,4168732,1591,0
20260801_194017,4168732,1592,20
20260801_194017,4168732,1593,-19
20260801_194017,4168732,1594,13
20260801_194017,4168732,1595,-13
20260801_194017,4168732,3609,5
20260801_194017,4168732,1596,-22
20260801_194017,4168732,1597,0
20260801_194017,4168732,2899,-14
20260801_194017,4168732,2900,-11
20260801_194017,4168732,1600,0
20260801_194017,4168732,1601,-12
20260801_194017,4168732,1602,-10
20260801_194017,4168732,4164,-24
20260801_194017,4168732,2482,23
20260801_194017,4168732,2483,5
20260801_194017,4168732,2484,-21
20260801_194017,4168732,2485,19
20260801_194017,4168732,2486,0
20260801_194017,4168732,4200,-14
20260801_194017,4168732,4201,19
20260801_194017,4168732,4202,-1
20260801_194017,4168732,2489,-30
20260801_194017,4168732,2490,-5
20260801_194017,4168732,4203,13
20260801_194017,4168732,4204,5
20260801_194017,4168732,4205,0
20260801_194017,4168732,2229,-6
20260801_194017,4168732,2230,6
20260801_194017,4168732,2231,-26
20260801_194017,4168732,4159,11
20260801_194017,4168732,4160,-15
20260801_194017,4168732,2280,-14
20260801_194017,4168732,4206,5
20260801_194017,4168732,4207,0
20260801_194017,4168732,4215,-8
20260801_194017,4168732,4216,14
20260801_194017,4168732,4217,-30
20260801_194017,4168732,4218,-10
20260801_194017,4168732,2159,10
20260801_194017,4168732,1517,0
20260801_194017,4167406,3798,0
20260801_194017,4167406,2810,-27
20260801_194017,4167406,2089,19
20260801_194017,4167406,3848,-15
20260801_194017,4167406,2090,13
20260801_194017,4167406,3727,2
20260801_194017,4167406,3807,-23
20260801_194017,4167406,2091,0
20260801_194017,4167406,3836,-30
20260801_194017,4167406,3808,11
20260801_194017,4167406,2092,16
20260801_194017,4167406,4090,-15
20260801_194017,4167406,2093,20
20260801_194017,4167406,2094,0
20260801_194017,4167406,3809,-7
20260801_194017,4167406,3729,16
20260801_194017,4167406,3837,29
20260801_194017,4167406,3884,-23
20260801_194017,4167406,3838,-29
20260801_194017,4167406,3810,5
20260801_194017,4167406,3811,-17
20260801_194017,4167406,3812,13
20260801_194017,4167406,3813,0
20260801_194017,4167406,3873,-1
20260801_194017,4167406,3814,-28
20260801_194017,4167406,3815,10
20260801_194017,4167406,3816,-26
20260801_194017,4167406,3817,0
20260801_194017,4167404,3838,208
20260801_194017,4167404,3810,242
20260801_194017,4167404,3811,207
20260801_194017,4167404,3812,250
20260801_194017,4167404,3813,237
20260801_194017,4167404,3873,236
20260801_194017,4167404,3814,209
20260801_194017,4167404,3815,270
20260801_194017,4167404,3816,234
20260801_194017,4167404,3817,248
20260801_194017,4167405,3798,0
20260801_194017,4167405,2810,-27
20260801_194017,4167405,2089,19
20260801_194017,4167405,3848,-15
20260801_194017,4167405,2090,13
20260801_194017,4167405,3727,2
20260801_194017,4167405,3807,-23
20260801_194017,4167405,2091,0
20260801_194017,4167405,3836,-30
20260801_194017,4167405,3808,11
20260801_194017,4167405,2092,16
20260801_194017,4167405,4090,-15
20260801_194017,4167405,2093,20
20260801_194017,4167405,2094,0
20260801_194017,4167405,3809,-7
20260801_194017,4167405,3729,16
20260801_194017,4167405,3837,29
20260801_194017,4167405,3884,-23
20260801_194017,4167405,3838,-29
20260801_194017,4167405,3810,5
20260801_194017,4167405,3811,-17
20260801_194017,4167405,3812,13
20260801_194017,4167405,3813,0
20260801_194017,4167405,3873,-1
20260801_194017,4167405,3814,-28
20260801_194017,4167405,3815,10
20260801_194017,4167405,3816,-26
20260801_194017,4167405,3817,0
20260801_194017,4167889,1085,81
20260801_194017,4167889,1086,69
20260801_194017,4167889,1375,78
20260801_194017,4167889,1879,65
20260801_194017,4167889,1894,92
20260801_194017,4167889,1474,135
20260801_194017,4167889,3110,137
20260801_194017,4167889,3111,162
20260801_194017,4167889,3112,148
20260801_194017,4167889,3566,161
20260801_194017,4167889,3113,136
20260801_194017,4167889,3114,135
20260801_194017,4167889,3115,124
20260801_194017,4167889,3116,108
20260801_194017,4167889,3117,156
20260801_194017,4167889,3118,135
20260801_194017,4167889,3119,164
20260801_194017,4167889,3126,151
20260801_194017,4167889,3128,144
20260801_194017,4167889,3129,135
20260801_194017,4167889,3130,108
20260801_194017,4167889,3132,109
20260801_194017,4167889,3556,150
20260801_194017,4167889,3552,133
20260801_194017,4167889,1101,126
20260801_194017,4167889,3881,135
20260801_194017,4168284,1704,140
20260801_194017,4168284,1705,94
20260801_194017,4168284,1706,68
20260801_194017,4168284,1714,72
20260801_194017,4168284,1715,71
20260801_194017,4168284,1745,77
20260801_194017,4168284,1717,83
20260801_194017,4168284,1718,38
20260801_194017,4168284,1719,118
20260801_194017,4168284,1721,92
20260801_194017,4168284,1722,133
20260801_194017,4168284,1723,120
20260801_194017,4168284,1724,139
20260801_194017,4168284,1725,120
20260801_194017,4168284,1726,144
20260801_194017,4168284,1727,131
20260801_194017,4168284,1731,132
20260801_194017,4168284,1732,135
20260801_194017,4166660,1128,0
20260801_194017,4166660,2810,-20
20260801_194017,4166660,1131,-26
20260801_194017,4166660,1132,21
20260801_194017,4166660,1256,0
20260801_194017,4166660,1135,-13
20260801_194017,4166660,1136,-28
20260801_194017,4166660,1137,19
20260801_194017,4166660,1138,-6
20260801_194017,4166660,1139,-30
20260801_194017,4166660,1140,4
20260801_194017,4166660,1141,-14
20260801_194017,4166660,1142,22
20260801_194017,4166660,1143,0
20260801_194017,4166660,1144,-4
20260801_194017,4166660,1145,29
20260801_194017,4166660,1146,27
20260801_194017,4166660,1147,-25
20260801_194017,4166660,1148,27
20260801_194017,4166660,1149,0
20260801_194017,4166660,1150,-20
20260801_194017,4166660,1152,16
20260801_194017,4166660,3627,-1
20260801_194017,4166660,3868,-5
20260801_194017,4166660,3869,0
20260801_194017,4166660,3629,18
20260801_194017,4166660,3870,-13
20260801_194017,4166660,3872,22
20260801_194017,4166660,2520,3
20260801_194017,4166660,3889,2
20260801_194017,4166660,1262,0
20260801_194017,4167993,2675,104
20260801_194017,4167993,1264,116
20260801_194017,4167994,3833,0
20260801_194017,4167994,2354,-14
20260801_194017,4167994,2355,10
20260801_194017,4167994,2356,-12
20260801_194017,4167994,2357,18
20260801_194017,4167994,2364,-11
20260801_194017,4167994,2365,-26
20260801_194017,4167994,2574,0
20260801_194017,4167994,2455,-21
20260801_194017,4167994,3627,12
20260801_194017,4167994,1158,0
20260801_194017,4167994,1159,-7
20260801_194017,4167994,1160,-19
20260801_194017,4167994,1161,26
20260801_194017,4167994,4236,18
20260801_194017,4167994,1163,1
20260801_194017,4167994,3682,0
20260801_194017,4167994,2673,2
20260801_194017,4167994,2674,-2
20260801_194017,4167994,2675,-1
20260801_194017,4167994,1264,0
20260801_194017,4167995,3323,0
20260801_194017,4167995,1256,24
20260801_194017,4167995,2574,-1
20260801_194017,4167995,2455,-21
20260801_194017,4167995,3627,12
20260801_194017,4167995,1158,0
20260801_194017,4167995,1159,-7
20260801_194017,4167995,1160,-19
20260801_194017,4167995,1161,26
20260801_194017,4167995,4236,18
20260801_194017,4167995,1163,1
20260801_194017,4167995,3682,0
20260801_194017,4167995,2673,2
20260801_194017,4167995,2674,-2
20260801_194017,4167995,2675,-1
20260801_194017,4167995,1264,0
20260801_194017,4165454,1672,0
20260801_194017,4165454,1676,-24
20260801_194017,4165454,2965,-23
20260801_194017,4165454,2966,17
20260801_194017,4165454,3894,27
20260801_194017,4165454,3502,24
20260801_194017,4165454,3896,22
20260801_194017,4165454,3503,0
20260801_194017,4165454,3504,-27
20260801_194017,4165454,3505,-5
20260801_194017,4165454,3313,-16
20260801_194017,4165454,3333,-25
20260801_194017,4165454,3506,12
20260801_194017,4165454,3700,4
20260801_194017,4165454,3701,13
20260801_194017,4165454,3702,-25
20260801_194017,4165454,3703,0
20260801_194017,4165454,3704,10
20260801_194017,4165454,3705,23
20260801_194017,4165454,3706,-20
20260801_194017,4165454,3707,-30
20260801_194017,4165454,3708,28
20260801_194017,4165454,3709,4
20260801_194017,4165454,3710,-15
20260801_194017,4165454,3711,-15
20260801_194017,4165454,2016,0
20260801_194017,4165454,1840,-25
20260801_194017,4165454,1841,-14
20260801_194017,4165454,1842,27
20260801_194017,4165454,1844,10
20260801_194017,4165454,1864,9
20260801_194017,4165454,1865,12
20260801_194017,4165454,1666,8
20260801_194017,4165454,1973,0
20260801_194017,4165454,1025,-11
20260801_194017,4165454,1028,26
20260801_194017,4165454,2024,2
20260801_194017,4165454,2026,0
20260801_194017,4165575,4005,0
20260801_194017,4165575,1205,-27
20260801_194017,4165575,1207,-14
20260801_194017,4165575,1208,16
20260801_194017,4165575,1210,-4
20260801_194017,4165575,3760,-12
20260801_194017,4165575,3593,-25
20260801_194017,4165575,4051,0
20260801_194017,4165575,3781,-7
20260801_194017,4165575,1133,-23
20260801_194017,4165575,3780,-26
20260801_194017,4165575,3782,16
20260801_194017,4165575,3594,-18
20260801_194017,4165575,3595,21
20260801_194017,4165575,2038,1
20260801_194017,4165575,2039,2
20260801_194017,4165575,2040,-23
20260801_194017,4165575,2041,13
20260801_194017,4165575,3768,0
20260801_194017,4165575,3764,23
20260801_194017,4165575,2803,10
20260801_194017,4165575,3900,-24
20260801_194017,4165575,3769,27
20260801_194017,4165575,3770,3
20260801_194017,4165575,3771,-12
20260801_194017,4165575,3772,11
20260801_194017,4165575,4072,0
20260801_194017,4165575,2512,26
20260801_194017,4165575,2513,-25
20260801_194017,4165575,2514,21
20260801_194017,4165575,3889,21
20260801_194017,4165575,1260,0
20260801_194017,4165575,2531,-19
20260801_194017,4165575,1096,-27
20260801_194017,4165575,1097,-25
20260801_194017,4165575,1099,-7
20260801_194017,4165575,4026,0
20260801_194017,4165575,1100,28
20260801_194017,4165575,1102,28
20260801_194017,4165575,1104,5
20260801_194017,4165575,1105,1
20260801_194017,4165575,4017,28
20260801_194017,4165575,4022,16
20260801_194017,4165575,4020,14
20260801_194017,4165575,1213,17
20260801_194017,4165575,4023,0
20260801_194017,4166422,1063,0
20260801_194017,4166422,1321,23
20260801_194017,4166422,3850,14
20260801_194017,4166422,1051,3
20260801_194017,4166422,3878,-16
20260801_194017,4166422,2313,23
20260801_194017,4166422,1445,28
20260801_194017,4166422,1401,0
20260801_194017,4166422,1623,4
20260801_194017,4166422,1624,-14
20260801_194017,4166422,1625,-30
20260801_194017,4166422,1455,13
20260801_194017,4166422,1626,-5
20260801_194017,4166422,1627,-25
20260801_194017,4166422,1628,-25
20260801_194017,4166422,1576,-12
20260801_194017,4166422,1577,21
20260801_194017,4166422,1578,22
20260801_194017,4166422,1580,18
20260801_194017,4166422,3515,0
20260801_194017,4166422,3516,-19
20260801_194017,4166422,3524,20
20260801_194017,4166422,3888,0
20260801_194017,4166422,3883,-23
20260801_194017,4166422,3641,17
20260801_194017,4166422,1731,6
20260801_194017,4166422,1732,0
20260801_194017,4166785,1914,5
20260801_194017,4166785,1915,-43
20260801_194017,4166785,1916,0
20260801_194017,4166785,1917,-28
20260801_194017,4166785,1918,20
20260801_194017,4166785,1919,1
20260801_194017,4166785,1130,0
20260801_194017,4168285,3489,0
20260801_194017,4168285,1697,27
20260801_194017,4168285,1698,-21
20260801_194017,4168285,1699,24
20260801_194017,4168285,1700,2
20260801_194017,4168285,1701,-8
20260801_194017,4168285,1703,23
20260801_194017,4168285,1704,19
20260801_194017,4168285,1705,11
20260801_194017,4168285,1706,0
20260801_194017,4168285,1714,4
20260801_194017,4168285,1715,3
20260801_194017,4168285,1745,9
20260801_194017,4168285,1717,0
20260801_194017,4168285,1718,-30
20260801_194017,4168285,1719,-3
20260801_194017,4168285,1721,-8
20260801_194017,4168285,1722,-2
20260801_194017,4168285,1723,-15
20260801_194017,4168285,1724,4
20260801_194017,4168285,1725,-15
20260801_194017,4168285,1726,9
20260801_194017,4168285,1727,-4
20260801_194017,4168285,1731,-3
20260801_194017,4168285,1732,0
20260801_194017,4165453,1676,-24
20260801_194017,4165453,2965,-23
20260801_194017,4165453,2966,17
20260801_194017,4165453,3894,27
20260801_194017,4165453,3502,24
20260801_194017,4165453,3896,22
20260801_194017,4165453,3503,0
20260801_194017,4165453,3504,-27
20260801_194017,4165453,3505,-5
20260801_194017,4165453,3313,-16
20260801_194017,4165453,3333,-25
20260801_194017,4165453,3506,12
20260801_194017,4165453,3700,4
20260801_194017,4165453,3701,13
20260801_194017,4165453,3702,-25
20260801_194017,4165453,3703,0
20260801_194017,4165453,3704,10
20260801_194017,4165453,3705,23
20260801_194017,4165453,3706,-20
20260801_194017,4165453,3707,-30
20260801_194017,4165453,3708,28
20260801_194017,4165453,3709,4
20260801_194017,4165453,3710,-15
20260801_194017,4165453,3711,-15
20260801_194017,4165453,2016,0
20260801_194017,4165453,1840,-25
20260801_194017,4165453,1841,-14
20260801_194017,4165453,1842,27
20260801_194017,4165453,1844,10
20260801_194017,4165453,1864,9
20260801_194017,4165453,1865,12
20260801_194017,4165453,1666,8
20260801_194017,4165453,1973,0
20260801_194017,4165453,1025,-11
20260801_194017,4165453,1028,26
20260801_194017,4165453,2024,2
20260801_194017,4165453,2026,0
20260801_194017,4165574,3781,124
20260801_194017,4165574,1133,91
20260801_194017,4165574,3780,88
20260801_194017,4165574,3782,130
20260801_194017,4165574,3594,96
20260801_194017,4165574,3595,135
20260801_194017,4165574,2038,115
20260801_194017,4165574,2039,116
20260801_194017,4165574,2040,91
20260801_194017,4165574,2041,144
20260801_194017,4165574,3768,128
20260801_194017,4165574,3764,151
20260801_194017,4165574,2803,138
20260801_194017,4165574,3900,104
20260801_194017,4165574,3769,155
20260801_194017,4165574,3770,131
20260801_194017,4165574,3771,116
20260801_194017,4165574,3772,139
20260801_194017,4165574,4072,128
20260801_194017,4165574,2512,154
20260801_194017,4165574,2513,103
20260801_194017,4165574,2514,149
20260801_194017,4165574,3889,149
20260801_194017,4165574,1260,128
20260801_194017,4165574,2531,-19
20260801_194017,4165574,1096,-27
20260801_194017,4165574,1097,-25
20260801_194017,4165574,1099,-7
20260801_194017,4165574,4026,0
20260801_194017,4165574,1100,28
20260801_194017,4165574,1102,28
20260801_194017,4165574,1104,5
20260801_194017,4165574,1105,1
20260801_194017,4165574,4017,28
20260801_194017,4165574,4022,16
20260801_194017,4165574,4020,14
20260801_194017,4165574,1213,17
20260801_194017,4165574,4023,0
20260801_194017,4166421,3641,22
20260801_194017,4166421,1731,23
20260801_194017,4166421,1732,17
20260801_194017,4168286,3489,0
20260801_194017,4168286,1697,27
20260801_194017,4168286,1698,-21
20260801_194017,4168286,1699,24
20260801_194017,4168286,1700,2
20260801_194017,4168286,1701,-8
20260801_194017,4168286,1703,23
20260801_194017,4168286,1704,19
20260801_194017,4168286,1705,11
20260801_194017,4168286,1706,0
20260801_194017,4168286,1714,4
20260801_194017,4168286,1715,3
20260801_194017,4168286,1745,9
20260801_194017,4168286,1717,0
20260801_194017,4168286,1718,-30
20260801_194017,4168286,1719,-3
20260801_194017,4168286,1721,-8
20260801_194017,4168286,1722,-2
20260801_194017,4168286,1723,-15
20260801_194017,4168286,1724,4
20260801_194017,4168286,1725,-15
20260801_194017,4168286,1726,9
20260801_194017,4168286,1727,-4
20260801_194017,4168286,1731,-3
20260801_194017,4168286,1732,0
20260801_194017,4165452,1844,128
20260801_194017,4165452,1864,112
20260801_194017,4165452,1865,115
20260801_194017,4165452,1666,111
20260801_194017,4165452,1973,118
20260801_194017,4165452,1025,92
20260801_194017,4165452,1028,129
20260801_194017,4165452,2024,105
20260801_194017,4165452,2026,118
20260801_194017,4165573,4026,314
20260801_194017,4165573,1100,375
20260801_194017,4165573,1102,375
20260801_194017,4165573,1104,352
20260801_194017,4165573,1105,348
20260801_194017,4165573,4017,375
20260801_194017,4165573,4022,363
20260801_194017,4165573,4020,361
20260801_194017,4165573,1213,364
20260801_194017,4165573,4023,347
20260801_194017,4166661,1128,0
20260801_194017,4166661,2810,-20
20260801_194017,4166661,1131,-26
20260801_194017,4166661,1132,21
20260801_194017,4166661,1256,0
20260801_194017,4166661,1135,-13
20260801_194017,4166661,1136,-28
20260801_194017,4166661,1137,19
20260801_194017,4166661,1138,-6
20260801_194017,4166661,1139,-30
20260801_194017,4166661,1140,4
20260801_194017,4166661,1141,-14
20260801_194017,4166661,1142,22
20260801_194017,4166661,1143,0
20260801_194017,4166661,1144,-4
20260801_194017,4166661,1145,29
20260801_194017,4166661,1146,27
20260801_194017,4166661,1147,-25
20260801_194017,4166661,1148,27
20260801_194017,4166661,1149,0
20260801_194017,4166661,1150,-20
20260801_194017,4166661,1152,16
20260801_194017,4166661,3627,-1
20260801_194017,4166661,3868,-5
20260801_194017,4166661,3869,0
20260801_194017,4166661,3629,18
20260801_194017,4166661,3870,-13
20260801_194017,4166661,3872,22
20260801_194017,4166661,2520,3
20260801_194017,4166661,3889,2
20260801_194017,4166661,1262,0
20260801_194017,4166789,3490,0
20260801_194017,4166789,2584,-23
20260801_194017,4166789,2585,-27
20260801_194017,4166789,2586,-30
20260801_194017,4166789,2587,5
20260801_194017,4166789,2589,10
20260801_194017,4166789,2590,0
20260801_194017,4166789,2603,11
20260801_194017,4166789,2605,23
20260801_194017,4166789,2606,1
20260801_194017,4166789,1878,5
20260801_194017,4166789,1880,-26
20260801_194017,4166789,1881,24
20260801_194017,4166789,1882,0
20260801_194017,4166789,1883,-27
20260801_194017,4166789,1884,-12
20260801_194017,4166789,1885,-23
20260801_194017,4166789,1886,21
20260801_194017,4166789,2564,-29
20260801_194017,4166789,1888,0
20260801_194017,4166789,1879,-27
20260801_194017,4166789,1893,0
20260801_194017,4166789,1896,-24
20260801_194017,4166789,1897,5
20260801_194017,4166789,1898,-2
20260801_194017,4166789,1900,0
20260801_194017,4166789,1902,8
20260801_194017,4166789,1904,12
20260801_194017,4166789,1907,0
20260801_194017,4166789,1909,27
20260801_194017,4166789,1910,-27
20260801_194017,4166789,1911,21
20260801_194017,4166789,1913,0
20260801_194017,4166789,1914,2
20260801_194017,4166789,1915,-27
20260801_194017,4166789,1916,0
20260801_194017,4166789,1917,-28
20260801_194017,4166789,1918,20
20260801_194017,4166789,1919,1
20260801_194017,4166789,1130,0
20260801_194017,4166788,2584,-23
20260801_194017,4166788,2585,-27
20260801_194017,4166788,2586,-30
20260801_194017,4166788,2587,5
20260801_194017,4166788,2589,10
20260801_194017,4166788,2590,0
20260801_194017,4166788,2603,11
20260801_194017,4166788,2605,23
20260801_194017,4166788,2606,1
20260801_194017,4166788,1878,5
20260801_194017,4166788,1880,-26
20260801_194017,4166788,1881,24
20260801_194017,4166788,1882,0
20260801_194017,4166788,1883,-27
20260801_194017,4166788,1884,-12
20260801_194017,4166788,1885,-23
20260801_194017,4166788,1886,21
20260801_194017,4166788,2564,-29
20260801_194017,4166788,1888,0
20260801_194017,4166788,1879,-27
20260801_194017,4166788,1893,0
20260801_194017,4166788,1896,-24
20260801_194017,4166788,1897,5
20260801_194017,4166788,1898,-2
20260801_194017,4166788,1900,0
20260801_194017,4166788,1902,8
20260801_194017,4166788,1904,12
20260801_194017,4166788,1907,0
20260801_194017,4166788,1909,27
20260801_194017,4166788,1910,-27
20260801_194017,4166788,1911,21
20260801_194017,4166788,1913,0
20260801_194017,4166788,1914,2
20260801_194017,4166788,1915,-27
20260801_194017,4166788,1916,0
20260801_194017,4166788,1917,-28
20260801_194017,4166788,1918,20
20260801_194017,4166788,1919,1
20260801_194017,4166788,1130,0
20260801_194017,4166787,2603,89
20260801_194017,4166787,2605,88
20260801_194017,4166787,2606,79
20260801_194017,4166787,1878,83
20260801_194017,4166787,1880,39
20260801_194017,4166787,1881,114
20260801_194017,4166787,1882,102
20260801_194017,4166787,1883,51
20260801_194017,4166787,1884,66
20260801_194017,4166787,1885,55
20260801_194017,4166787,1886,99
20260801_194017,4166787,2564,36
20260801_194017,4166787,1888,169
20260801_194017,4166787,1879,142
20260801_194017,4166787,1893,169
20260801_194017,4166787,1896,145
20260801_194017,4166787,1897,174
20260801_194017,4166787,1898,167
20260801_194017,4166787,1900,169
20260801_194017,4166787,1902,177
20260801_194017,4166787,1904,181
20260801_194017,4166787,1907,169
20260801_194017,4166787,1909,196
20260801_194017,4166787,1910,142
20260801_194017,4166787,1911,190
20260801_194017,4166787,1913,169
20260801_194017,4166787,1914,171
20260801_194017,4166787,1915,142
20260801_194017,4166787,1916,169
20260801_194017,4166787,1917,141
20260801_194017,4166787,1918,189
20260801_194017,4166787,1919,170
20260801_194017,4166787,1130,169
20260801_194017,4165455,1672,0
20260801_194017,4165455,1676,-24
20260801_194017,4165455,2965,-23
20260801_194017,4165455,2966,17
20260801_194017,4165455,3894,27
20260801_194017,4165455,3502,24
20260801_194017,4165455,3896,22
20260801_194017,4165455,3503,0
20260801_194017,4165455,3504,-27
20260801_194017,4165455,3505,-5
20260801_194017,4165455,3313,-16
20260801_194017,4165455,3333,-25
20260801_194017,4165455,3506,12
20260801_194017,4165455,3700,4
20260801_194017,4165455,3701,13
20260801_194017,4165455,3702,-25
20260801_194017,4165455,3703,0
20260801_194017,4165455,3704,10
20260801_194017,4165455,3705,23
20260801_194017,4165455,3706,-20
20260801_194017,4165455,3707,-30
20260801_194017,4165455,3708,28
20260801_194017,4165455,3709,4
20260801_194017,4165455,3710,-15
20260801_194017,4165455,3711,-15
20260801_194017,4165455,2016,0
20260801_194017,4165455,1840,-25
20260801_194017,4165455,1841,-14
20260801_194017,4165455,1842,27
20260801_194017,4165455,1844,10
20260801_194017,4165455,1864,9
20260801_194017,4165455,1865,12
20260801_194017,4165455,1666,8
20260801_194017,4165455,1973,0
20260801_194017,4165455,1025,-11
20260801_194017,4165455,1028,26
20260801_194017,4165455,2024,2
20260801_194017,4165455,2026,0
20260801_194017,4165576,4005,0
20260801_194017,4165576,1205,-27
20260801_194017,4165576,1207,-14
20260801_194017,4165576,1208,16
20260801_194017,4165576,1210,-4
20260801_194017,4165576,3760,-12
20260801_194017,4165576,3593,-25
20260801_194017,4165576,4051,0
20260801_194017,4165576,3781,-7
20260801_194017,4165576,1133,-23
20260801_194017,4165576,3780,-26
20260801_194017,4165576,3782,16
20260801_194017,4165576,3594,-18
20260801_194017,4165576,3595,21
20260801_194017,4165576,2038,1
20260801_194017,4165576,2039,2
20260801_194017,4165576,2040,-23
20260801_194017,4165576,2041,13
20260801_194017,4165576,3768,0
20260801_194017,4165576,3764,23
20260801_194017,4165576,2803,10
20260801_194017,4165576,3900,-24
20260801_194017,4165576,3769,27
20260801_194017,4165576,3770,3
20260801_194017,4165576,3771,-12
20260801_194017,4165576,3772,11
20260801_194017,4165576,4072,0
20260801_194017,4165576,2512,26
20260801_194017,4165576,2513,-25
20260801_194017,4165576,2514,21
20260801_194017,4165576,3889,21
20260801_194017,4165576,1260,0
20260801_194017,4165576,2531,-19
20260801_194017,4165576,1096,-27
20260801_194017,4165576,1097,-25
20260801_194017,4165576,1099,-7
20260801_194017,4165576,4026,0
20260801_194017,4165576,1100,28
20260801_194017,4165576,1102,28
20260801_194017,4165576,1104,5
20260801_194017,4165576,1105,1
20260801_194017,4165576,4017,28
20260801_194017,4165576,4022,16
20260801_194017,4165576,4020,14
20260801_194017,4165576,1213,17
20260801_194017,4165576,4023,0
20260801_194017,4166423,1063,0
20260801_194017,4166423,1321,23
20260801_194017,4166423,3850,14
20260801_194017,4166423,1051,3
20260801_194017,4166423,3878,-16
20260801_194017,4166423,2313,23
20260801_194017,4166423,1445,28
20260801_194017,4166423,1401,0
20260801_194017,4166423,1623,4
20260801_194017,4166423,1624,-14
20260801_194017,4166423,1625,-30
20260801_194017,4166423,1455,13
20260801_194017,4166423,1626,-5
20260801_194017,4166423,1627,-25
20260801_194017,4166423,1628,-25
20260801_194017,4166423,1576,-12
20260801_194017,4166423,1577,21
20260801_194017,4166423,1578,22
20260801_194017,4166423,1580,18
20260801_194017,4166423,3515,0
20260801_194017,4166423,3516,-19
20260801_194017,4166423,3524,20
20260801_194017,4166423,3888,0
20260801_194017,4166423,3883,-23
20260801_194017,4166423,3641,17
20260801_194017,4166423,1731,6
20260801_194017,4166423,1732,0
20260801_194017,4166786,1893,-45
20260801_194017,4166786,1896,-24
20260801_194017,4166786,1897,5
20260801_194017,4166786,1898,-2
20260801_194017,4166786,1900,0
20260801_194017,4166786,1902,8
20260801_194017,4166786,1904,12
20260801_194017,4166786,1907,0
20260801_194017,4166786,1909,27
20260801_194017,4166786,1910,-27
20260801_194017,4166786,1911,21
20260801_194017,4166786,1913,0
20260801_194017,4166786,1914,2
20260801_194017,4166786,1915,-27
20260801_194017,4166786,1916,0
20260801_194017,4166786,1917,-28
20260801_194017,4166786,1918,20
20260801_194017,4166786,1919,1
20260801_194017,4166786,1130,0
20260801_194017,4168729,2229,703
20260801_194017,4168729,2230,715
20260801_194017,4168729,2231,683
20260801_194017,4168729,4159,720
20260801_194017,4168729,4160,694
20260801_194017,4168729,2280,695
20260801_194017,4168729,4206,714
20260801_194017,4168729,4207,675
20260801_194017,4168729,4215,667
20260801_194017,4168729,4216,689
20260801_194017,4168729,4217,645
20260801_194017,4168729,4218,665
20260801_194017,4168729,2159,685
20260801_194017,4168729,1517,675
20260801_194017,4168708,1523,-11
20260801_194017,4168708,4193,20
20260801_194017,4168708,4195,12
20260801_194017,4168708,4213,22
20260801_194017,4168708,4214,-11
20260801_194017,4168708,4196,0
20260801_194017,4168708,4197,-17
20260801_194017,4168708,4198,9
20260801_194017,4168708,4199,12
20260801_194017,4168708,2287,-21
20260801_194017,4168708,2288,26
20260801_194017,4168708,2289,-2
20260801_194017,4168708,4111,7
20260801_194017,4168708,4112,0
20260801_194017,4168708,4113,-13
20260801_194017,4168708,4114,-29
20260801_194017,4168708,4115,-23
20260801_194017,4168708,4116,1
20260801_194017,4168708,4117,-2
20260801_194017,4168708,4118,-29
20260801_194017,4168708,2976,0
20260801_194017,4168708,2176,-30
20260801_194017,4168708,2977,7
20260801_194017,4168708,2978,0
20260801_194017,4168708,2979,-17
20260801_194017,4168708,2360,-27
20260801_194017,4168708,4219,28
20260801_194017,4168708,1609,27
20260801_194017,4168708,1610,-16
20260801_194017,4168708,1611,23
20260801_194017,4168708,1612,0
20260801_194017,4168708,1613,-24
20260801_194017,4168708,1614,24
20260801_194017,4168708,1615,0
20260801_194017,4168708,1616,22
20260801_194017,4168708,1617,-14
20260801_194017,4168708,1618,8
20260801_194017,4168708,1619,-21
20260801_194017,4168708,1620,13
20260801_194017,4168708,1621,29
20260801_194017,4168708,1444,0
20260801_194017,4168708,3835,-21
20260801_194017,4168708,2327,-8
20260801_194017,4168708,3877,26
20260801_194017,4168708,1054,-30
20260801_194017,4168708,1454,-16
20260801_194017,4168708,1065,0
20260801_194017,4168709,1517,0
20260801_194017,4168709,1523,-11
20260801_194017,4168709,4193,20
20260801_194017,4168709,4195,12
20260801_194017,4168709,4213,22
20260801_194017,4168709,4214,-11
20260801_194017,4168709,4196,0
20260801_194017,4168709,4197,-17
20260801_194017,4168709,4198,9
20260801_194017,4168709,4199,12
20260801_194017,4168709,2287,-21
20260801_194017,4168709,2288,26
20260801_194017,4168709,2289,-2
20260801_194017,4168709,4111,7
20260801_194017,4168709,4112,0
20260801_194017,4168709,4113,-13
20260801_194017,4168709,4114,-29
20260801_194017,4168709,4115,-23
20260801_194017,4168709,4116,1
20260801_194017,4168709,4117,-2
20260801_194017,4168709,4118,-29
20260801_194017,4168709,2976,0
20260801_194017,4168709,2176,-30
20260801_194017,4168709,2977,7
20260801_194017,4168709,2978,0
20260801_194017,4168709,2979,-17
20260801_194017,4168709,2360,-27
20260801_194017,4168709,4219,28
20260801_194017,4168709,1609,27
20260801_194017,4168709,1610,-16
20260801_194017,4168709,1611,23
20260801_194017,4168709,1612,0
20260801_194017,4168709,1613,-24
20260801_194017,4168709,1614,24
20260801_194017,4168709,1615,0
20260801_194017,4168709,1616,22
20260801_194017,4168709,1617,-14
20260801_194017,4168709,1618,8
20260801_194017,4168709,1619,-21
20260801_194017,4168709,1620,13
20260801_194017,4168709,1621,29
20260801_194017,4168709,1444,0
20260801_194017,4168709,3835,-21
20260801_194017,4168709,2327,-8
20260801_194017,4168709,3877,26
20260801_194017,4168709,1054,-30
20260801_194017,4168709,1454,-16
20260801_194017,4168709,1065,0
20260801_194017,4168030,2757,106
20260801_194017,4168030,2758,94
20260801_194017,4168030,2759,70
20260801_194017,4168030,2760,40
20260801_194017,4168030,2762,56
20260801_194017,4168030,2763,40
20260801_194017,4168030,2764,58
20260801_194017,4168030,2765,2
20260801_194017,4168030,2766,104
20260801_194017,4168030,1958,-8
20260801_194017,4168030,3281,117
20260801_194017,4168030,1904,135
20260801_194017,4168030,1907,117
20260801_194017,4168031,1868,151
20260801_194017,4168031,1828,285
20260801_194017,4168031,1829,322
20260801_194017,4168031,1830,303
20260801_194017,4168031,3746,289
20260801_194017,4168031,1831,287
20260801_194017,4168031,1710,227
20260801_194017,4168031,1711,189
20260801_194017,4168031,1832,171
20260801_194017,4168031,1834,169
20260801_194017,4168031,1835,211
20260801_194017,4168031,1837,211
20260801_194017,4168031,1838,189
20260801_194017,4168031,3843,138
20260801_194017,4168031,2016,132
20260801_194017,4168031,1840,159
20260801_194017,4168031,1841,154
20260801_194017,4168031,1842,126
20260801_194017,4168031,1844,146
20260801_194017,4168031,1864,132
20260801_194017,4168031,1865,139
20260801_194017,4168031,1666,139
20260801_194017,4168031,3017,135
20260801_194017,4168031,3019,136
20260801_194017,4168031,3020,134
20260801_194017,4168031,2906,132
20260801_194017,4168031,2907,134
20260801_194017,4168031,2908,118
20260801_194017,4168031,3054,132
20260801_194017,4168031,3055,111
20260801_194017,4168031,3057,122
20260801_194017,4168031,3058,120
20260801_194017,4168031,2401,141
20260801_194017,4168031,3105,127
20260801_194017,4168031,2367,151
20260801_194017,4168031,2757,154
20260801_194017,4168031,2758,142
20260801_194017,4168031,2759,132
20260801_194017,4168031,2760,102
20260801_194017,4168031,2762,118
20260801_194017,4168031,2763,102
20260801_194017,4168031,2764,106
20260801_194017,4168031,2765,109
20260801_194017,4168031,2766,152
20260801_194017,4168031,1958,106
20260801_194017,4168031,3281,132
20260801_194017,4168031,1904,150
20260801_194017,4168031,1907,132
20260801_194017,4167180,1088,0
20260801_194017,4167180,1385,29
20260801_194017,4167180,2924,29
20260801_194017,4167180,2925,27
20260801_194017,4167180,1387,-12
20260801_194017,4167180,2929,-30
20260801_194017,4167180,2930,19
20260801_194017,4167180,2931,5
20260801_194017,4167180,2933,0
20260801_194017,4167180,2934,-21
20260801_194017,4167180,2935,24
20260801_194017,4167180,3052,-7
20260801_194017,4167180,1151,-30
20260801_194017,4167180,3051,26
20260801_194017,4167180,1192,11
20260801_194017,4167180,2863,0
20260801_194017,4167180,2864,13
20260801_194017,4167180,2865,-21
20260801_194017,4167180,2866,24
20260801_194017,4167180,2867,9
20260801_194017,4167180,4299,0
20260801_194017,4167180,2870,10
20260801_194017,4167180,4095,10
20260801_194017,4167180,2704,1
20260801_194017,4167180,1675,0
20260801_194017,4168390,3908,0
20260801_194017,4168390,1095,9
20260801_194017,4168390,3485,1
20260801_194017,4168390,1180,-30
20260801_194017,4168390,3473,-7
20260801_194017,4168390,3466,0
20260801_194017,4168390,3329,-10
20260801_194017,4168390,3331,-26
20260801_194017,4168390,3332,15
20260801_194017,4168390,3470,22
20260801_194017,4168390,3335,-8
20260801_194017,4168390,3337,-16
20260801_194017,4168390,3338,21
20260801_194017,4168390,3340,-5
20260801_194017,4168390,3342,20
20260801_194017,4168390,3637,-1
20260801_194017,4168390,3343,24
20260801_194017,4168390,3482,0
20260801_194017,4168390,3344,-17
20260801_194017,4168390,3346,-13
20260801_194017,4168390,5146,0
20260801_194017,4168390,5147,-16
20260801_194017,4168390,3353,24
20260801_194017,4168390,3355,21
20260801_194017,4168390,1982,-17
20260801_194017,4168390,2705,-19
20260801_194017,4168390,2706,3
20260801_194017,4168390,2410,4
20260801_194017,4168390,1377,-29
20260801_194017,4168390,1000,0
20260801_194017,4168390,3575,25
20260801_194017,4168390,2359,-10
20260801_194017,4168390,2843,28
20260801_194017,4168390,2363,0
20260801_194017,4168390,2366,2
20260801_194017,4168390,2370,8
20260801_194017,4168390,2371,-27
20260801_194017,4168390,2372,16
20260801_194017,4168390,1012,5
20260801_194017,4168390,1013,4
20260801_194017,4168390,1014,5
20260801_194017,4168390,1016,0
20260801_194017,4168390,2923,-30
20260801_194017,4168390,1019,21
20260801_194017,4168390,1694,26
20260801_194017,4168390,3480,0
20260801_194017,4168390,3477,-9
20260801_194017,4168390,2619,27
20260801_194017,4168390,3481,15
20260801_194017,4168390,1042,-13
20260801_194017,4168390,1044,10
20260801_194017,4168390,3497,0
20260801_194017,4168032,1732,0
20260801_194017,4168032,1734,-30
20260801_194017,4168032,1728,20
20260801_194017,4168032,1868,23
20260801_194017,4168032,1828,-18
20260801_194017,4168032,1829,19
20260801_194017,4168032,1830,0
20260801_194017,4168032,3746,-14
20260801_194017,4168032,1831,-16
20260801_194017,4168032,1710,-11
20260801_194017,4168032,1711,-10
20260801_194017,4168032,1832,-28
20260801_194017,4168032,1834,-30
20260801_194017,4168032,1835,12
20260801_194017,4168032,1837,12
20260801_194017,4168032,1838,-10
20260801_194017,4168032,3843,6
20260801_194017,4168032,2016,0
20260801_194017,4168032,1840,27
20260801_194017,4168032,1841,22
20260801_194017,4168032,1842,-6
20260801_194017,4168032,1844,14
20260801_194017,4168032,1864,0
20260801_194017,4168032,1865,7
20260801_194017,4168032,1666,7
20260801_194017,4168032,3017,3
20260801_194017,4168032,3019,4
20260801_194017,4168032,3020,2
20260801_194017,4168032,2906,0
20260801_194017,4168032,2907,2
20260801_194017,4168032,2908,-14
20260801_194017,4168032,3054,0
20260801_194017,4168032,3055,-21
20260801_194017,4168032,3057,-10
20260801_194017,4168032,3058,-12
20260801_194017,4168032,2401,9
20260801_194017,4168032,3105,-5
20260801_194017,4168032,2367,19
20260801_194017,4168032,2757,22
20260801_194017,4168032,2758,10
20260801_194017,4168032,2759,0
20260801_194017,4168032,2760,-30
20260801_194017,4168032,2762,-14
20260801_194017,4168032,2763,-30
20260801_194017,4168032,2764,-26
20260801_194017,4168032,2765,-23
20260801_194017,4168032,2766,20
20260801_194017,4168032,1958,-26
20260801_194017,4168032,3281,0
20260801_194017,4168032,1904,18
20260801_194017,4168032,1907,0
20260801_194017,4168033,1732,0
20260801_194017,4168033,1734,-30
20260801_194017,4168033,1728,20
20260801_194017,4168033,1868,23
20260801_194017,4168033,1828,-18
20260801_194017,4168033,1829,19
20260801_194017,4168033,1830,0
20260801_194017,4168033,3746,-14
20260801_194017,4168033,1831,-16
20260801_194017,4168033,1710,-11
20260801_194017,4168033,1711,-10
20260801_194017,4168033,1832,-28
20260801_194017,4168033,1834,-30
20260801_194017,4168033,1835,12
20260801_194017,4168033,1837,12
20260801_194017,4168033,1838,-10
20260801_194017,4168033,3843,6
20260801_194017,4168033,2016,0
20260801_194017,4168033,1840,27
20260801_194017,4168033,1841,22
20260801_194017,4168033,1842,-6
20260801_194017,4168033,1844,14
20260801_194017,4168033,1864,0
20260801_194017,4168033,1865,7
20260801_194017,4168033,1666,7
20260801_194017,4168033,3017,3
20260801_194017,4168033,3019,4
20260801_194017,4168033,3020,2
20260801_194017,4168033,2906,0
20260801_194017,4168033,2907,2
20260801_194017,4168033,2908,-14
20260801_194017,4168033,3054,0
20260801_194017,4168033,3055,-21
20260801_194017,4168033,3057,-10
20260801_194017,4168033,3058,-12
20260801_194017,4168033,2401,9
20260801_194017,4168033,3105,-5
20260801_194017,4168033,2367,19
20260801_194017,4168033,2757,22
20260801_194017,4168033,2758,10
20260801_194017,4168033,2759,0
20260801_194017,4168033,2760,-30
20260801_194017,4168033,2762,-14
20260801_194017,4168033,2763,-30
20260801_194017,4168033,2764,-26
20260801_194017,4168033,2765,-23
20260801_194017,4168033,2766,20
20260801_194017,4168033,1958,-26
20260801_194017,4168033,3281,0
20260801_194017,4168033,1904,18
20260801_194017,4168033,1907,0
20260801_194017,4167747,4001,0
20260801_194017,4167747,3903,-24
20260801_194017,4167747,3905,-8
20260801_194017,4167747,1983,9
20260801_194017,4167747,1994,0
20260801_194017,4167747,1997,-19
20260801_194017,4167747,4053,-9
20260801_194017,4167747,2778,-17
20260801_194017,4167747,1090,0
20260801_194017,4167747,3943,27
20260801_194017,4167747,3620,0
20260801_194017,4167747,2785,28
20260801_194017,4167747,2787,-26
20260801_194017,4167747,2788,-26
20260801_194017,4167747,4052,-29
20260801_194017,4167747,4055,0
20260801_194017,4167747,3665,-28
20260801_194017,4167747,4047,-20
20260801_194017,4167747,2035,0
20260801_194017,4167747,3750,7
20260801_194017,4167747,3752,-26
20260801_194017,4167747,3842,0
20260801_194017,4167747,3755,-20
20260801_194017,4167747,3756,-20
20260801_194017,4167747,4043,0
20260801_194017,4167747,3799,0
20260801_194017,4165329,3495,0
20260801_194017,4165329,2497,11
20260801_194017,4165329,2506,-21
20260801_194017,4165329,2597,-30
20260801_194017,4165329,2599,-28
20260801_194017,4165329,2600,12
20260801_194017,4165329,2601,-1
20260801_194017,4165329,2602,27
20260801_194017,4165329,2603,-19
20260801_194017,4165329,2968,0
20260801_194017,4165329,2624,-18
20260801_194017,4165329,2625,19
20260801_194017,4165329,2626,3
20260801_194017,4165329,2627,25
20260801_194017,4165329,2628,5
20260801_194017,4165329,2629,-27
20260801_194017,4165329,2630,11
20260801_194017,4165329,1953,5
20260801_194017,4165329,2922,-24
20260801_194017,4165329,1668,0
20260801_194017,4165328,3495,0
20260801_194017,4165328,2497,11
20260801_194017,4165328,2506,-21
20260801_194017,4165328,2597,-30
20260801_194017,4165328,2599,-28
20260801_194017,4165328,2600,12
20260801_194017,4165328,2601,-1
20260801_194017,4165328,2602,27
20260801_194017,4165328,2603,-19
20260801_194017,4165328,2968,0
20260801_194017,4165328,2624,-18
20260801_194017,4165328,2625,19
20260801_194017,4165328,2626,3
20260801_194017,4165328,2627,25
20260801_194017,4165328,2628,5
20260801_194017,4165328,2629,-27
20260801_194017,4165328,2630,11
20260801_194017,4165328,1953,5
20260801_194017,4165328,2922,-24
20260801_194017,4165328,1668,0
20260801_194017,4166659,1144,220
20260801_194017,4166659,1145,253
20260801_194017,4166659,1146,251
20260801_194017,4166659,1147,199
20260801_194017,4166659,1148,251
20260801_194017,4166659,1149,224
20260801_194017,4166659,1150,169
20260801_194017,4166659,1152,205
20260801_194017,4166659,3627,188
20260801_194017,4166659,3868,184
20260801_194017,4166659,3869,189
20260801_194017,4166659,3629,140
20260801_194017,4166659,3870,109
20260801_194017,4166659,3872,144
20260801_194017,4166659,2520,125
20260801_194017,4166659,3889,124
20260801_194017,4166659,1262,122
20260801_194017,4167745,4052,31
20260801_194017,4167745,4055,74
20260801_194017,4167745,3665,46
20260801_194017,4167745,4047,54
20260801_194017,4167745,2035,104
20260801_194017,4167745,3750,111
20260801_194017,4167745,3752,78
20260801_194017,4167745,3842,104
20260801_194017,4167745,3755,84
20260801_194017,4167745,3756,84
20260801_194017,4167745,4043,0
20260801_194017,4167745,3799,0
20260801_194017,4167746,4001,0
20260801_194017,4167746,3903,-24
20260801_194017,4167746,3905,-8
20260801_194017,4167746,1983,9
20260801_194017,4167746,1994,0
20260801_194017,4167746,1997,-19
20260801_194017,4167746,4053,-9
20260801_194017,4167746,2778,-17
20260801_194017,4167746,1090,0
20260801_194017,4167746,3943,27
20260801_194017,4167746,3620,0
20260801_194017,4167746,2785,28
20260801_194017,4167746,2787,-26
20260801_194017,4167746,2788,-26
20260801_194017,4167746,4052,-29
20260801_194017,4167746,4055,0
20260801_194017,4167746,3665,-28
20260801_194017,4167746,4047,-20
20260801_194017,4167746,2035,0
20260801_194017,4167746,3750,7
20260801_194017,4167746,3752,-26
20260801_194017,4167746,3842,0
20260801_194017,4167746,3755,-20
20260801_194017,4167746,3756,-20
20260801_194017,4167746,4043,0
20260801_194017,4167746,3799,0
20260801_194017,4167050,1000,1030
20260801_194017,4167050,2319,1037
20260801_194017,4167050,2320,1021
20260801_194017,4167050,2654,1005
20260801_194017,4167050,2690,1009
20260801_194017,4167050,2657,1030
20260801_194017,4167050,2658,1005
20260801_194017,4167050,2659,1044
20260801_194017,4167050,2491,1030
20260801_194017,4167050,2492,1028
20260801_194017,4167050,2493,1059
20260801_194017,4167050,2660,1030
20260801_194017,4167050,5136,1012
20260801_194017,4167050,5142,1046
20260801_194017,4167050,2538,1007
20260801_194017,4167050,1272,1030
20260801_194017,4167050,3242,1008
20260801_194017,4167050,3243,1049
20260801_194017,4167050,3244,1046
20260801_194017,4167050,3245,1026
20260801_194017,4167050,3246,1054
20260801_194017,4167050,3248,1046
20260801_194017,4167050,3249,1030
20260801_194017,4167050,3250,1018
20260801_194017,4167050,3259,1042
20260801_194017,4167050,3260,1030
20260801_194017,4167050,3879,1024
20260801_194017,4167050,3880,1021
20260801_194017,4167050,3662,1012
20260801_194017,4167050,4003,1030
20260801_194017,4167051,1000,0
20260801_194017,4167051,2319,7
20260801_194017,4167051,2320,-9
20260801_194017,4167051,2654,-25
20260801_194017,4167051,2690,-21
20260801_194017,4167051,2657,0
20260801_194017,4167051,2658,-25
20260801_194017,4167051,2659,14
20260801_194017,4167051,2491,0
20260801_194017,4167051,2492,-2
20260801_194017,4167051,2493,29
20260801_194017,4167051,2660,0
20260801_194017,4167051,5136,-18
20260801_194017,4167051,5142,16
20260801_194017,4167051,2538,-23
20260801_194017,4167051,1272,0
20260801_194017,4167051,3242,-22
20260801_194017,4167051,3243,19
20260801_194017,4167051,3244,16
20260801_194017,4167051,3245,-4
20260801_194017,4167051,3246,24
20260801_194017,4167051,3248,16
20260801_194017,4167051,3249,0
20260801_194017,4167051,3250,-12
20260801_194017,4167051,3259,12
20260801_194017,4167051,3260,0
20260801_194017,4167051,3879,-6
20260801_194017,4167051,3880,-9
20260801_194017,4167051,3662,-18
20260801_194017,4167051,4003,0
20260801_194017,4167178,2929,169
20260801_194017,4167178,2930,218
20260801_194017,4167178,2931,204
20260801_194017,4167178,2933,199
20260801_194017,4167178,2934,178
20260801_194017,4167178,2935,223
20260801_194017,4167178,3052,130
20260801_194017,4167178,1151,107
20260801_194017,4167178,3051,163
20260801_194017,4167178,1192,148
20260801_194017,4167178,2863,137
20260801_194017,4167178,2864,150
20260801_194017,4167178,2865,116
20260801_194017,4167178,2866,161
20260801_194017,4167178,2867,146
20260801_194017,4167178,4299,137
20260801_194017,4167178,2870,147
20260801_194017,4167178,4095,147
20260801_194017,4167178,2704,138
20260801_194017,4167178,1675,137
20260801_194017,4168388,3331,16
20260801_194017,4168388,3332,57
20260801_194017,4168388,3470,64
20260801_194017,4168388,3335,34
20260801_194017,4168388,3337,81
20260801_194017,4168388,3338,118
20260801_194017,4168388,3340,58
20260801_194017,4168388,3342,117
20260801_194017,4168388,3637,96
20260801_194017,4168388,3343,121
20260801_194017,4168388,3482,97
20260801_194017,4168388,3344,80
20260801_194017,4168388,3346,84
20260801_194017,4168388,5146,97
20260801_194017,4168388,5147,-16
20260801_194017,4168388,3353,24
20260801_194017,4168388,3355,21
20260801_194017,4168388,1982,-17
20260801_194017,4168388,2705,-19
20260801_194017,4168388,2706,3
20260801_194017,4168388,2410,4
20260801_194017,4168388,1377,-29
20260801_194017,4168388,1000,0
20260801_194017,4168388,3575,25
20260801_194017,4168388,2359,-10
20260801_194017,4168388,2843,28
20260801_194017,4168388,2363,0
20260801_194017,4168388,2366,2
20260801_194017,4168388,2370,8
20260801_194017,4168388,2371,-27
20260801_194017,4168388,2372,16
20260801_194017,4168388,1012,5
20260801_194017,4168388,1013,4
20260801_194017,4168388,1014,5
20260801_194017,4168388,1016,0
20260801_194017,4168388,2923,-30
20260801_194017,4168388,1019,21
20260801_194017,4168388,1694,26
20260801_194017,4168388,3480,0
20260801_194017,4168388,3477,-9
20260801_194017,4168388,2619,27
20260801_194017,4168388,3481,15
20260801_194017,4168388,1042,-13
20260801_194017,4168388,1044,10
20260801_194017,4168388,3497,0
20260801_194017,4167179,1088,398
20260801_194017,4167179,1385,427
20260801_194017,4167179,2924,427
20260801_194017,4167179,2925,425
20260801_194017,4167179,1387,386
20260801_194017,4167179,2929,368
20260801_194017,4167179,2930,417
20260801_194017,4167179,2931,403
20260801_194017,4167179,2933,398
20260801_194017,4167179,2934,377
20260801_194017,4167179,2935,422
20260801_194017,4167179,3052,391
20260801_194017,4167179,1151,368
20260801_194017,4167179,3051,424
20260801_194017,4167179,1192,409
20260801_194017,4167179,2863,398
20260801_194017,4167179,2864,411
20260801_194017,4167179,2865,377
20260801_194017,4167179,2866,422
20260801_194017,4167179,2867,407
20260801_194017,4167179,4299,398
20260801_194017,4167179,2870,408
20260801_194017,4167179,4095,408
20260801_194017,4167179,2704,399
20260801_194017,4167179,1675,398
20260801_194017,4167850,5156,168
20260801_194017,4167850,4073,171
20260801_194017,4167850,1916,147
20260801_194017,4167850,1918,214
20260801_194017,4167850,1127,136
20260801_194017,4168389,3908,0
20260801_194017,4168389,1095,9
20260801_194017,4168389,3485,1
20260801_194017,4168389,1180,-30
20260801_194017,4168389,3473,-7
20260801_194017,4168389,3466,0
20260801_194017,4168389,3329,-10
20260801_194017,4168389,3331,-26
20260801_194017,4168389,3332,15
20260801_194017,4168389,3470,22
20260801_194017,4168389,3335,-8
20260801_194017,4168389,3337,-16
20260801_194017,4168389,3338,21
20260801_194017,4168389,3340,-5
20260801_194017,4168389,3342,20
20260801_194017,4168389,3637,-1
20260801_194017,4168389,3343,24
20260801_194017,4168389,3482,0
20260801_194017,4168389,3344,-17
20260801_194017,4168389,3346,-13
20260801_194017,4168389,5146,0
20260801_194017,4168389,5147,-16
20260801_194017,4168389,3353,24
20260801_194017,4168389,3355,21
20260801_194017,4168389,1982,-17
20260801_194017,4168389,2705,-19
20260801_194017,4168389,2706,3
20260801_194017,4168389,2410,4
20260801_194017,4168389,1377,-29
20260801_194017,4168389,1000,0
20260801_194017,4168389,3575,25
20260801_194017,4168389,2359,-10
20260801_194017,4168389,2843,28
20260801_194017,4168389,2363,0
20260801_194017,4168389,2366,2
20260801_194017,4168389,2370,8
20260801_194017,4168389,2371,-27
20260801_194017,4168389,2372,16
20260801_194017,4168389,1012,5
20260801_194017,4168389,1013,4
20260801_194017,4168389,1014,5
20260801_194017,4168389,1016,0
20260801_194017,4168389,2923,-30
20260801_194017,4168389,1019,21
20260801_194017,4168389,1694,26
20260801_194017,4168389,3480,0
20260801_194017,4168389,3477,-9
20260801_194017,4168389,2619,27
20260801_194017,4168389,3481,15
20260801_194017,4168389,1042,-13
20260801_194017,4168389,1044,10
20260801_194017,4168389,3497,0
20260801_194017,4167851,2086,315
20260801_194017,4167851,2885,350
20260801_194017,4167851,2888,356
20260801_194017,4167851,3189,375
20260801_194017,4167851,3895,306
20260801_194017,4167851,3893,292
20260801_194017,4167851,2969,274
20260801_194017,4167851,2971,299
20260801_194017,4167851,2986,279
20260801_194017,4167851,3891,274
20260801_194017,4167851,3143,295
20260801_194017,4167851,3144,248
20260801_194017,4167851,3146,251
20260801_194017,4167851,1992,265
20260801_194017,4167851,1972,274
20260801_194017,4167851,3465,280
20260801_194017,4167851,3890,275
20260801_194017,4167851,1117,257
20260801_194017,4167851,3899,269
20260801_194017,4167851,1223,274
20260801_194017,4167851,3887,138
20260801_194017,4167851,5156,118
20260801_194017,4167851,4073,121
20260801_194017,4167851,1916,97
20260801_194017,4167851,1918,127
20260801_194017,4167851,1127,121
20260801_194017,4167852,1728,6
20260801_194017,4167852,2053,0
20260801_194017,4167852,1756,14
20260801_194017,4167852,1758,-1
20260801_194017,4167852,2055,14
20260801_194017,4167852,2054,16
20260801_194017,4167852,2351,0
20260801_194017,4167852,1033,6
20260801_194017,4167852,2086,-23
20260801_194017,4167852,2885,0
20260801_194017,4167852,2888,6
20260801_194017,4167852,3189,25
20260801_194017,4167852,3895,1
20260801_194017,4167852,3893,18
20260801_194017,4167852,2969,0
20260801_194017,4167852,2971,25
20260801_194017,4167852,2986,5
20260801_194017,4167852,3891,0
20260801_194017,4167852,3143,21
20260801_194017,4167852,3144,-26
20260801_194017,4167852,3146,-23
20260801_194017,4167852,1992,-9
20260801_194017,4167852,1972,0
20260801_194017,4167852,3465,6
20260801_194017,4167852,3890,1
20260801_194017,4167852,1117,-17
20260801_194017,4167852,3899,-5
20260801_194017,4167852,1223,0
20260801_194017,4167852,3887,17
20260801_194017,4167852,5156,-3
20260801_194017,4167852,4073,0
20260801_194017,4167852,1916,-24
20260801_194017,4167852,1918,6
20260801_194017,4167852,1127,0
20260801_194017,4167177,2864,1470
20260801_194017,4167177,2865,1436
20260801_194017,4167177,2866,1481
20260801_194017,4167177,2867,1440
20260801_194017,4167177,4299,1431
20260801_194017,4167177,2870,1441
20260801_194017,4167177,4095,1441
20260801_194017,4167177,2704,1396
20260801_194017,4167177,1675,1395
20260801_194017,4168387,1014,32
20260801_194017,4168387,1016,2
20260801_194017,4168387,2923,-28
20260801_194017,4168387,1019,35
20260801_194017,4168387,1694,29
20260801_194017,4168387,3480,3
20260801_194017,4168387,3477,-6
20260801_194017,4168387,2619,30
20260801_194017,4168387,3481,18
20260801_194017,4168387,1042,-10
20260801_194017,4168387,1044,13
20260801_194017,4168387,3497,3
20260801_194017,4166525,1572,0
20260801_194017,4166525,1288,11
20260801_194017,4166525,1287,12
20260801_194017,4166525,1036,13
20260801_194017,4166525,3849,-2
20260801_194017,4166525,1021,20
20260801_194017,4166525,4103,9
20260801_194017,4166525,4101,-30
20260801_194017,4166525,1296,0
20260801_194017,4166525,1308,-9
20260801_194017,4166525,1309,0
20260801_194017,4166525,1310,-24
20260801_194017,4166525,3857,19
20260801_194017,4166525,5159,-7
20260801_194017,4166525,2106,16
20260801_194017,4166525,1484,0
20260801_194017,4166525,1485,-19
20260801_194017,4166525,1487,-2
20260801_194017,4166525,1488,27
20260801_194017,4166525,1490,27
20260801_194017,4166525,1357,-11
20260801_194017,4166525,1279,24
20260801_194017,4166525,1358,3
20260801_194017,4166525,1065,0
20260801_194017,4166524,1288,11
20260801_194017,4166524,1287,12
20260801_194017,4166524,1036,13
20260801_194017,4166524,3849,-2
20260801_194017,4166524,1021,20
20260801_194017,4166524,4103,9
20260801_194017,4166524,4101,-30
20260801_194017,4166524,1296,0
20260801_194017,4166524,1308,-9
20260801_194017,4166524,1309,0
20260801_194017,4166524,1310,-24
20260801_194017,4166524,3857,19
20260801_194017,4166524,5159,-7
20260801_194017,4166524,2106,16
20260801_194017,4166524,1484,0
20260801_194017,4166524,1485,-19
20260801_194017,4166524,1487,-2
20260801_194017,4166524,1488,27
20260801_194017,4166524,1490,27
20260801_194017,4166524,1357,-11
20260801_194017,4166524,1279,24
20260801_194017,4166524,1358,3
20260801_194017,4166524,1065,0
20260801_194017,4168707,1609,149
20260801_194017,4168707,1610,65
20260801_194017,4168707,1611,104
20260801_194017,4168707,1612,81
20260801_194017,4168707,1613,57
20260801_194017,4168707,1614,105
20260801_194017,4168707,1615,81
20260801_194017,4168707,1616,103
20260801_194017,4168707,1617,67
20260801_194017,4168707,1618,89
20260801_194017,4168707,1619,100
20260801_194017,4168707,1620,134
20260801_194017,4168707,1621,150
20260801_194017,4168707,1444,121
20260801_194017,4168707,3835,100
20260801_194017,4168707,2327,113
20260801_194017,4168707,3877,147
20260801_194017,4168707,1054,91
20260801_194017,4168707,1454,105
20260801_194017,4168707,1065,121
20260801_194017,4167853,1732,0
20260801_194017,4167853,1728,6
20260801_194017,4167853,2053,0
20260801_194017,4167853,1756,14
20260801_194017,4167853,1758,-1
20260801_194017,4167853,2055,14
20260801_194017,4167853,2054,16
20260801_194017,4167853,2351,0
20260801_194017,4167853,1033,6
20260801_194017,4167853,2086,-23
20260801_194017,4167853,2885,0
20260801_194017,4167853,2888,6
20260801_194017,4167853,3189,25
20260801_194017,4167853,3895,1
20260801_194017,4167853,3893,18
20260801_194017,4167853,2969,0
20260801_194017,4167853,2971,25
20260801_194017,4167853,2986,5
20260801_194017,4167853,3891,0
20260801_194017,4167853,3143,21
20260801_194017,4167853,3144,-26
20260801_194017,4167853,3146,-23
20260801_194017,4167853,1992,-9
20260801_194017,4167853,1972,0
20260801_194017,4167853,3465,6
20260801_194017,4167853,3890,1
20260801_194017,4167853,1117,-17
20260801_194017,4167853,3899,-5
20260801_194017,4167853,1223,0
20260801_194017,4167853,3887,17
20260801_194017,4167853,5156,-3
20260801_194017,4167853,4073,0
20260801_194017,4167853,1916,-24
20260801_194017,4167853,1918,6
20260801_194017,4167853,1127,0
20260801_194017,4166526,1572,0
20260801_194017,4166526,1288,11
20260801_194017,4166526,1287,12
20260801_194017,4166526,1036,13
20260801_194017,4166526,3849,-2
20260801_194017,4166526,1021,20
20260801_194017,4166526,4103,9
20260801_194017,4166526,4101,-30
20260801_194017,4166526,1296,0
20260801_194017,4166526,1308,-9
20260801_194017,4166526,1309,0
20260801_194017,4166526,1310,-24
20260801_194017,4166526,3857,19
20260801_194017,4166526,5159,-7
20260801_194017,4166526,2106,16
20260801_194017,4166526,1484,0
20260801_194017,4166526,1485,-19
20260801_194017,4166526,1487,-2
20260801_194017,4166526,1488,27
20260801_194017,4166526,1490,27
20260801_194017,4166526,1357,-11
20260801_194017,4166526,1279,24
20260801_194017,4166526,1358,3
20260801_194017,4166526,1065,0
20260801_194017,4168807,3488,0
20260801_194017,4168807,1567,-28
20260801_194017,4168807,1569,0
20260801_194017,4168807,1573,-7
20260801_194017,4168807,1574,-15
20260801_194017,4168807,4223,-7
20260801_194017,4168807,4104,-27
20260801_194017,4168807,1585,-24
20260801_194017,4168807,1587,3
20260801_194017,4168807,1589,22
20260801_194017,4168807,1591,0
20260801_194017,4168807,1597,0
20260801_194017,4168807,1600,0
20260801_194017,4168807,1603,12
20260801_194017,4168807,3536,-2
20260801_194017,4168807,1521,0
20260801_194017,4168807,3863,3
20260801_194017,4168807,3864,8
20260801_194017,4168807,2249,24
20260801_194017,4168807,2290,17
20260801_194017,4168807,2250,0
20260801_194017,4167281,1047,2
20260801_194017,4167281,1048,-13
20260801_194017,4167281,1050,2
20260801_194017,4167281,1052,0
20260801_194017,4167281,3568,-22
20260801_194017,4167281,1053,12
20260801_194017,4167281,3725,-25
20260801_194017,4167281,2029,22
20260801_194017,4167281,2031,2
20260801_194017,4167281,2032,0
20260801_194017,4167281,2033,-12
20260801_194017,4167281,2034,-30
20260801_194017,4167281,2036,26
20260801_194017,4167281,2037,8
20260801_194017,4167281,2042,13
20260801_194017,4167281,2043,9
20260801_194017,4167281,3507,-15
20260801_194017,4167281,2056,13
20260801_194017,4167281,1027,17
20260801_194017,4167281,3395,0
20260801_194017,4167281,1689,-30
20260801_194017,4167281,1690,3
20260801_194017,4167281,2379,-24
20260801_194017,4167281,2380,9
20260801_194017,4167281,2381,8
20260801_194017,4167281,1668,0
20260801_194017,4167282,3491,0
20260801_194017,4167282,1047,2
20260801_194017,4167282,1048,-13
20260801_194017,4167282,1050,2
20260801_194017,4167282,1052,0
20260801_194017,4167282,3568,-22
20260801_194017,4167282,1053,12
20260801_194017,4167282,3725,-25
20260801_194017,4167282,2029,22
20260801_194017,4167282,2031,2
20260801_194017,4167282,2032,0
20260801_194017,4167282,2033,-12
20260801_194017,4167282,2034,-30
20260801_194017,4167282,2036,26
20260801_194017,4167282,2037,8
20260801_194017,4167282,2042,13
20260801_194017,4167282,2043,9
20260801_194017,4167282,3507,-15
20260801_194017,4167282,2056,13
20260801_194017,4167282,1027,17
20260801_194017,4167282,3395,0
20260801_194017,4167282,1689,-30
20260801_194017,4167282,1690,3
20260801_194017,4167282,2379,-24
20260801_194017,4167282,2380,9
20260801_194017,4167282,2381,8
20260801_194017,4167282,1668,0
20260801_194017,4166196,2192,220
20260801_194017,4166196,1232,179
20260801_194017,4166196,1233,184
20260801_194017,4166196,1234,225
20260801_194017,4166196,3805,212
20260801_194017,4166196,3792,183
20260801_194017,4166196,1687,152
20260801_194017,4166196,1686,140
20260801_194017,4166196,3524,125
20260801_194017,4166196,3888,154
20260801_194017,4166196,3883,123
20260801_194017,4166196,3641,107
20260801_194017,4166196,1731,146
20260801_194017,4166196,1732,129
20260801_194017,4167961,1173,73
20260801_194017,4167961,1174,43
20260801_194017,4167961,1175,4
20260801_194017,4167961,3626,28
20260801_194017,4167961,3776,4
20260801_194017,4167961,3777,-19
20260801_194017,4167961,3324,10
20260801_194017,4167961,3325,-12
20260801_194017,4167961,3326,27
20260801_194017,4167961,3327,69
20260801_194017,4167961,2353,42
20260801_194017,4167961,3833,0
20260801_194017,4168137,4088,31
20260801_194017,4168137,3453,78
20260801_194017,4168137,1106,74
20260801_194017,4168137,3392,47
20260801_194017,4168137,4085,56
20260801_194017,4168137,4014,56
20260801_194017,4168137,1107,93
20260801_194017,4168137,1108,74
20260801_194017,4168137,1109,70
20260801_194017,4168137,1110,113
20260801_194017,4168137,1111,84
20260801_194017,4168137,1112,90
20260801_194017,4168137,3949,117
20260801_194017,4168137,1113,97
20260801_194017,4168137,1114,85
20260801_194017,4168137,1115,114
20260801_194017,4168137,1116,93
20260801_194017,4168137,1117,81
20260801_194017,4168137,1119,109
20260801_194017,4168137,1120,118
20260801_194017,4168137,3899,111
20260801_194017,4168137,1223,125
20260801_194017,4167049,5142,298
20260801_194017,4167049,2538,259
20260801_194017,4167049,1272,282
20260801_194017,4167049,3242,260
20260801_194017,4167049,3243,280
20260801_194017,4167049,3244,274
20260801_194017,4167049,3245,254
20260801_194017,4167049,3246,282
20260801_194017,4167049,3248,274
20260801_194017,4167049,3249,258
20260801_194017,4167049,3250,246
20260801_194017,4167049,3259,270
20260801_194017,4167049,3260,258
20260801_194017,4167049,3879,252
20260801_194017,4167049,3880,249
20260801_194017,4167049,3662,240
20260801_194017,4167049,4003,258
20260801_194017,4167962,1223,35
20260801_194017,4167962,3943,-22
20260801_194017,4167962,3945,1
20260801_194017,4167962,2783,-11
20260801_194017,4167962,1167,0
20260801_194017,4167962,1168,-3
20260801_194017,4167962,1171,-21
20260801_194017,4167962,1172,28
20260801_194017,4167962,1173,8
20260801_194017,4167962,1174,20
20260801_194017,4167962,1175,0
20260801_194017,4167962,3626,24
20260801_194017,4167962,3776,0
20260801_194017,4167962,3777,-22
20260801_194017,4167962,3324,7
20260801_194017,4167962,3325,-14
20260801_194017,4167962,3326,26
20260801_194017,4167962,3319,11
20260801_194017,4167962,3320,-4
20260801_194017,4167962,3321,1
20260801_194017,4167962,3322,-11
20260801_194017,4167962,3323,0
20260801_194017,4168138,4002,0
20260801_194017,4168138,1040,-2
20260801_194017,4168138,1037,-10
20260801_194017,4168138,3903,-20
20260801_194017,4168138,3905,-2
20260801_194017,4168138,3689,-24
20260801_194017,4168138,3690,-13
20260801_194017,4168138,3691,18
20260801_194017,4168138,3451,0
20260801_194017,4168138,3452,-10
20260801_194017,4168138,4088,-21
20260801_194017,4168138,3453,22
20260801_194017,4168138,1106,18
20260801_194017,4168138,3392,-9
20260801_194017,4168138,4085,0
20260801_194017,4168138,4014,4
20260801_194017,4168138,1107,0
20260801_194017,4168138,1108,-19
20260801_194017,4168138,1109,-23
20260801_194017,4168138,1110,20
20260801_194017,4168138,1111,-9
20260801_194017,4168138,1112,-3
20260801_194017,4168138,3949,24
20260801_194017,4168138,1113,4
20260801_194017,4168138,1114,-8
20260801_194017,4168138,1115,21
20260801_194017,4168138,1116,0
20260801_194017,4168138,1117,-12
20260801_194017,4168138,1119,16
20260801_194017,4168138,1120,25
20260801_194017,4168138,3899,18
20260801_194017,4168138,1223,0
20260801_194017,4168495,1482,29
20260801_194017,4168495,1483,94
20260801_194017,4168495,1278,77
20260801_194017,4168495,3511,77
20260801_194017,4168495,1236,85
20260801_194017,4168495,3540,50
20260801_194017,4168495,1300,62
20260801_194017,4168495,1301,77
20260801_194017,4168495,1302,82
20260801_194017,4168495,1303,49
20260801_194017,4168495,1304,74
20260801_194017,4168495,1305,66
20260801_194017,4168495,1306,77
20260801_194017,4168495,1246,-5
20260801_194017,4168495,3852,-30
20260801_194017,4168495,3853,-6
20260801_194017,4168495,3854,25
20260801_194017,4168495,3855,26
20260801_194017,4168495,3856,-16
20260801_194017,4168495,3541,19
20260801_194017,4168495,1307,0
20260801_194017,4168496,1512,0
20260801_194017,4168496,5116,16
20260801_194017,4168496,1470,19
20260801_194017,4168496,1471,-1
20260801_194017,4168496,1472,18
20260801_194017,4168496,6102,-12
20260801_194017,4168496,1475,16
20260801_194017,4168496,3527,27
20260801_194017,4168496,1476,-7
20260801_194017,4168496,1384,-25
20260801_194017,4168496,6103,-16
20260801_194017,4168496,4194,9
20260801_194017,4168496,6104,0
20260801_194017,4168496,1477,13
20260801_194017,4168496,1478,20
20260801_194017,4168496,1479,24
20260801_194017,4168496,1480,3
20260801_194017,4168496,1409,-17
20260801_194017,4168496,6105,0
20260801_194017,4168496,1482,19
20260801_194017,4168496,1483,17
20260801_194017,4168496,1278,0
20260801_194017,4168496,3511,0
20260801_194017,4168496,1236,8
20260801_194017,4168496,3540,-27
20260801_194017,4168496,1300,-15
20260801_194017,4168496,1301,0
20260801_194017,4168496,1302,5
20260801_194017,4168496,1303,-28
20260801_194017,4168496,1304,-3
20260801_194017,4168496,1305,-11
20260801_194017,4168496,1306,0
20260801_194017,4168496,1246,-5
20260801_194017,4168496,3852,-30
20260801_194017,4168496,3853,-6
20260801_194017,4168496,3854,25
20260801_194017,4168496,3855,26
20260801_194017,4168496,3856,-16
20260801_194017,4168496,3541,19
20260801_194017,4168496,1307,0
20260801_194017,4167604,1057,264
20260801_194017,4167604,1690,265
20260801_194017,4167604,4097,264
20260801_194017,4167604,1940,255
20260801_194017,4167604,2633,244
20260801_194017,4167604,2635,258
20260801_194017,4167604,1390,264
20260801_194017,4167604,1481,267
20260801_194017,4167604,1434,264
20260801_194017,4167604,2937,265
20260801_194017,4167604,3229,264
20260801_194017,4167604,4091,260
20260801_194017,4167604,4299,264
20260801_194017,4167604,4095,248
20260801_194017,4167604,1675,264
20260801_194017,4165666,1520,225
20260801_194017,4165666,1523,217
20260801_194017,4165666,1938,254
20260801_194017,4165666,2127,240
20260801_194017,4165666,2128,251
20260801_194017,4165666,2129,242
20260801_194017,4165666,2321,225
20260801_194017,4165666,2322,241
20260801_194017,4165666,2323,228
20260801_194017,4165666,2324,232
20260801_194017,4165666,2325,201
20260801_194017,4165666,2326,251
20260801_194017,4165666,2374,225
20260801_194017,4165666,2375,249
20260801_194017,4165666,2376,210
20260801_194017,4165666,2377,252
20260801_194017,4165666,2378,225
20260801_194017,4167605,1057,0
20260801_194017,4167605,1690,1
20260801_194017,4167605,4097,0
20260801_194017,4167605,1940,-9
20260801_194017,4167605,2633,-20
20260801_194017,4167605,2635,-6
20260801_194017,4167605,1390,0
20260801_194017,4167605,1481,3
20260801_194017,4167605,1434,0
20260801_194017,4167605,2937,1
20260801_194017,4167605,3229,0
20260801_194017,4167605,4091,-4
20260801_194017,4167605,4299,0
20260801_194017,4167605,4095,-16
20260801_194017,4167605,1675,0
20260801_194017,4165664,2378,225
20260801_194017,4165664,3077,252
20260801_194017,4165664,3078,215
20260801_194017,4165664,3079,239
20260801_194017,4165664,3080,217
20260801_194017,4165664,3081,249
20260801_194017,4165664,3082,227
20260801_194017,4165664,2206,225
20260801_194017,4165664,2207,248
20260801_194017,4165664,2208,241
20260801_194017,4165664,2209,198
20260801_194017,4165664,2210,242
20260801_194017,4165664,2211,248
20260801_194017,4165664,8010,236
20260801_194017,4165664,2159,196
20260801_194017,4165664,1520,225
20260801_194017,4167963,1223,0
20260801_194017,4167963,3943,-22
20260801_194017,4167963,3945,1
20260801_194017,4167963,2783,-11
20260801_194017,4167963,1167,0
20260801_194017,4167963,1168,-3
20260801_194017,4167963,1171,-21
20260801_194017,4167963,1172,28
20260801_194017,4167963,1173,8
20260801_194017,4167963,1174,20
20260801_194017,4167963,1175,0
20260801_194017,4167963,3626,24
20260801_194017,4167963,3776,0
20260801_194017,4167963,3777,-23
20260801_194017,4167963,3324,6
20260801_194017,4167963,3325,-16
20260801_194017,4167963,3326,23
20260801_194017,4167963,3327,4
20260801_194017,4167963,2353,-23
20260801_194017,4167963,3833,0
20260801_194017,4168139,4002,0
20260801_194017,4168139,1040,-2
20260801_194017,4168139,1037,-10
20260801_194017,4168139,3903,-20
20260801_194017,4168139,3905,-2
20260801_194017,4168139,3689,-24
20260801_194017,4168139,3690,-13
20260801_194017,4168139,3691,18
20260801_194017,4168139,3451,0
20260801_194017,4168139,3452,-10
20260801_194017,4168139,4088,-21
20260801_194017,4168139,3453,22
20260801_194017,4168139,1106,18
20260801_194017,4168139,3392,-9
20260801_194017,4168139,4085,0
20260801_194017,4168139,4014,4
20260801_194017,4168139,1107,0
20260801_194017,4168139,1108,-19
20260801_194017,4168139,1109,-23
20260801_194017,4168139,1110,20
20260801_194017,4168139,1111,-9
20260801_194017,4168139,1112,-3
20260801_194017,4168139,3949,24
20260801_194017,4168139,1113,4
20260801_194017,4168139,1114,-8
20260801_194017,4168139,1115,21
20260801_194017,4168139,1116,0
20260801_194017,4168139,1117,-12
20260801_194017,4168139,1119,16
20260801_194017,4168139,1120,25
20260801_194017,4168139,3899,18
20260801_194017,4168139,1223,0
20260801_194017,4167603,1390,149
20260801_194017,4167603,1481,152
20260801_194017,4167603,1434,141
20260801_194017,4167603,2937,137
20260801_194017,4167603,3229,136
20260801_194017,4167603,4091,132
20260801_194017,4167603,4299,136
20260801_194017,4167603,4095,120
20260801_194017,4167603,1675,136
20260801_194017,4167708,1203,516
20260801_194017,4167708,1101,477
20260801_194017,4167708,4000,516
20260801_194017,4167709,1924,212
20260801_194017,4167709,1912,257
20260801_194017,4167709,1921,257
20260801_194017,4167709,1474,233
20260801_194017,4167709,1899,261
20260801_194017,4167709,1088,256
20260801_194017,4167709,1089,233
20260801_194017,4167709,2754,126
20260801_194017,4167709,2755,144
20260801_194017,4167709,3356,141
20260801_194017,4167709,3357,115
20260801_194017,4167709,3198,125
20260801_194017,4167709,3199,118
20260801_194017,4167709,1716,141
20260801_194017,4167709,1654,144
20260801_194017,4167709,1314,156
20260801_194017,4167709,2672,147
20260801_194017,4167709,1203,141
20260801_194017,4167709,1101,113
20260801_194017,4167709,4000,141
20260801_194017,4167150,1675,68
20260801_194017,4167150,1676,55
20260801_194017,4167150,4096,-30
20260801_194017,4167150,1545,27
20260801_194017,4167150,4094,0
20260801_194017,4167150,2901,-5
20260801_194017,4167150,2902,-23
20260801_194017,4167150,2903,20
20260801_194017,4167150,2904,-17
20260801_194017,4167150,2905,0
20260801_194017,4167150,2938,-6
20260801_194017,4167150,3021,-21
20260801_194017,4167150,1134,28
20260801_194017,4167150,3053,5
20260801_194017,4167150,2908,25
20260801_194017,4167150,2910,10
20260801_194017,4167150,2911,0
20260801_194017,4167150,2912,-14
20260801_194017,4167150,2913,18
20260801_194017,4167150,2914,-3
20260801_194017,4167150,5000,8
20260801_194017,4167150,1386,28
20260801_194017,4167150,2919,5
20260801_194017,4167150,2920,-23
20260801_194017,4167150,2579,-29
20260801_194017,4167150,1000,0
20260801_194017,4168245,3621,0
20260801_194017,4168245,3619,-26
20260801_194017,4168245,2673,-22
20260801_194017,4168245,2674,-21
20260801_194017,4168245,2675,-14
20260801_194017,4168245,2676,0
20260801_194017,4168245,2677,-21
20260801_194017,4168245,2678,24
20260801_194017,4168245,2679,0
20260801_194017,4168245,2680,-1
20260801_194017,4168245,2681,28
20260801_194017,4168245,2682,8
20260801_194017,4168245,2683,-7
20260801_194017,4168245,2685,21
20260801_194017,4168245,3920,12
20260801_194017,4168245,3919,0
20260801_194017,4168245,3918,-5
20260801_194017,4168245,3917,-3
20260801_194017,4168245,3916,18
20260801_194017,4168245,3915,0
20260801_194017,4168245,3178,-24
20260801_194017,4168245,3179,21
20260801_194017,4168245,3180,11
20260801_194017,4168245,3086,15
20260801_194017,4168245,3181,6
20260801_194017,4168245,3183,0
20260801_194017,4168245,3184,-18
20260801_194017,4168245,3185,-9
20260801_194017,4168245,2057,14
20260801_194017,4168245,3503,0
20260801_194017,4168245,3504,-27
20260801_194017,4168245,3505,-5
20260801_194017,4168245,2058,-2
20260801_194017,4168245,2059,8
20260801_194017,4168245,2060,27
20260801_194017,4168245,2105,17
20260801_194017,4168245,1846,-5
20260801_194017,4168245,1847,0
20260801_194017,4168245,3607,-19
20260801_194017,4168245,1848,-16
20260801_194017,4168245,4245,-17
20260801_194017,4168245,1850,-20
20260801_194017,4168245,1851,13
20260801_194017,4168245,1852,-6
20260801_194017,4168245,1853,-24
20260801_194017,4168245,3493,0
20260801_194017,4166186,1732,0
20260801_194017,4166186,1734,25
20260801_194017,4166186,1728,12
20260801_194017,4166186,3388,-30
20260801_194017,4166186,3888,0
20260801_194017,4166186,3525,0
20260801_194017,4166186,1685,-24
20260801_194017,4166186,1688,15
20260801_194017,4166186,2343,0
20260801_194017,4166186,2342,-14
20260801_194017,4166186,2341,-29
20260801_194017,4166186,2340,0
20260801_194017,4166186,2197,-23
20260801_194017,4166186,2198,18
20260801_194017,4166186,2199,-20
20260801_194017,4166186,2200,-10
20260801_194017,4166186,2607,17
20260801_194017,4166186,8012,4
20260801_194017,4166186,1466,2
20260801_194017,4166186,1467,-10
20260801_194017,4166186,1522,0
20260801_194017,4166862,1130,0
20260801_194017,4166862,2504,28
20260801_194017,4166862,2505,-18
20260801_194017,4166862,2507,-28
20260801_194017,4166862,2508,0
20260801_194017,4166862,2509,-24
20260801_194017,4166862,2532,-26
20260801_194017,4166862,2533,0
20260801_194017,4166862,3581,24
20260801_194017,4166862,2535,-28
20260801_194017,4166862,1957,-21
20260801_194017,4166862,4048,0
20260801_194017,4166862,1959,-2
20260801_194017,4166862,2536,-17
20260801_194017,4166862,2538,0
20260801_194017,4166862,2540,0
20260801_194017,4166862,2542,-1
20260801_194017,4166862,2543,-12
20260801_194017,4166862,2544,25
20260801_194017,4166862,1901,0
20260801_194017,4166862,1899,1
20260801_194017,4166862,1088,0
20260801_194017,4166862,1385,26
20260801_194017,4166862,2924,19
20260801_194017,4166862,2925,10
20260801_194017,4166862,5033,-3
20260801_194017,4166862,2568,-27
20260801_194017,4166862,2569,0
20260801_194017,4166862,2570,-18
20260801_194017,4166862,2571,-24
20260801_194017,4166862,2572,-3
20260801_194017,4166862,3661,-15
20260801_194017,4166862,2573,29
20260801_194017,4166862,2575,-7
20260801_194017,4166862,2576,0
20260801_194017,4166862,2578,13
20260801_194017,4166862,2580,27
20260801_194017,4166862,2581,1
20260801_194017,4166862,2582,-2
20260801_194017,4166862,2583,8
20260801_194017,4166862,3490,0
20260801_194017,4166861,1130,0
20260801_194017,4166861,2504,28
20260801_194017,4166861,2505,-18
20260801_194017,4166861,2507,-28
20260801_194017,4166861,2508,0
20260801_194017,4166861,2509,-24
20260801_194017,4166861,2532,-26
20260801_194017,4166861,2533,0
20260801_194017,4166861,3581,24
20260801_194017,4166861,2535,-28
20260801_194017,4166861,1957,-21
20260801_194017,4166861,4048,0
20260801_194017,4166861,1959,-2
20260801_194017,4166861,2536,-17
20260801_194017,4166861,2538,0
20260801_194017,4166861,2540,0
20260801_194017,4166861,2542,-1
20260801_194017,4166861,2543,-12
20260801_194017,4166861,2544,25
20260801_194017,4166861,1901,0
20260801_194017,4166861,1899,1
20260801_194017,4166861,1088,0
20260801_194017,4166861,1385,26
20260801_194017,4166861,2924,19
20260801_194017,4166861,2925,10
20260801_194017,4166861,5033,-3
20260801_194017,4166861,2568,-27
20260801_194017,4166861,2569,0
20260801_194017,4166861,2570,-18
20260801_194017,4166861,2571,-24
20260801_194017,4166861,2572,-3
20260801_194017,4166861,3661,-15
20260801_194017,4166861,2573,29
20260801_194017,4166861,2575,-7
20260801_194017,4166861,2576,0
20260801_194017,4166861,2578,13
20260801_194017,4166861,2580,27
20260801_194017,4166861,2581,1
20260801_194017,4166861,2582,-2
20260801_194017,4166861,2583,8
20260801_194017,4166861,3490,0
20260801_194017,4168242,3503,103
20260801_194017,4168242,3504,89
20260801_194017,4168242,3505,111
20260801_194017,4168242,2058,101
20260801_194017,4168242,2059,124
20260801_194017,4168242,2060,143
20260801_194017,4168242,2105,92
20260801_194017,4168242,1846,98
20260801_194017,4168242,1847,103
20260801_194017,4168242,3607,84
20260801_194017,4168242,1848,87
20260801_194017,4168242,4245,86
20260801_194017,4168242,1850,83
20260801_194017,4168242,1851,25
20260801_194017,4168242,1852,6
20260801_194017,4168242,1853,-12
20260801_194017,4168242,3493,12
20260801_194017,4166860,1130,11
20260801_194017,4166860,2504,317
20260801_194017,4166860,2505,271
20260801_194017,4166860,2507,261
20260801_194017,4166860,2508,289
20260801_194017,4166860,2509,265
20260801_194017,4166860,2532,193
20260801_194017,4166860,2533,219
20260801_194017,4166860,3581,243
20260801_194017,4166860,2535,191
20260801_194017,4166860,1957,198
20260801_194017,4166860,4048,219
20260801_194017,4166860,1959,217
20260801_194017,4166860,2536,202
20260801_194017,4166860,2538,219
20260801_194017,4166860,2540,219
20260801_194017,4166860,2542,218
20260801_194017,4166860,2543,207
20260801_194017,4166860,2544,244
20260801_194017,4166860,1901,219
20260801_194017,4166860,1899,290
20260801_194017,4166860,1088,289
20260801_194017,4166860,1385,315
20260801_194017,4166860,2924,308
20260801_194017,4166860,2925,299
20260801_194017,4166860,5033,286
20260801_194017,4166860,2568,262
20260801_194017,4166860,2569,289
20260801_194017,4166860,2570,271
20260801_194017,4166860,2571,265
20260801_194017,4166860,2572,286
20260801_194017,4166860,3661,274
20260801_194017,4166860,2573,318
20260801_194017,4166860,2575,282
20260801_194017,4166860,2576,289
20260801_194017,4166860,2578,302
20260801_194017,4166860,2580,316
20260801_194017,4166860,2581,290
20260801_194017,4166860,2582,287
20260801_194017,4166860,2583,297
20260801_194017,4166860,3490,289
20260801_194017,4168243,3621,549
20260801_194017,4168243,3619,523
20260801_194017,4168243,2673,527
20260801_194017,4168243,2674,528
20260801_194017,4168243,2675,535
20260801_194017,4168243,2676,549
20260801_194017,4168243,2677,528
20260801_194017,4168243,2678,573
20260801_194017,4168243,2679,549
20260801_194017,4168243,2680,548
20260801_194017,4168243,2681,577
20260801_194017,4168243,2682,557
20260801_194017,4168243,2683,542
20260801_194017,4168243,2685,570
20260801_194017,4168243,3920,561
20260801_194017,4168243,3919,549
20260801_194017,4168243,3918,544
20260801_194017,4168243,3917,546
20260801_194017,4168243,3916,567
20260801_194017,4168243,3915,549
20260801_194017,4168243,3178,525
20260801_194017,4168243,3179,570
20260801_194017,4168243,3180,560
20260801_194017,4168243,3086,564
20260801_194017,4168243,3181,555
20260801_194017,4168243,3183,549
20260801_194017,4168243,3184,531
20260801_194017,4168243,3185,540
20260801_194017,4168243,2057,563
20260801_194017,4168243,3503,549
20260801_194017,4168243,3504,522
20260801_194017,4168243,3505,544
20260801_194017,4168243,2058,547
20260801_194017,4168243,2059,557
20260801_194017,4168243,2060,576
20260801_194017,4168243,2105,566
20260801_194017,4168243,1846,544
20260801_194017,4168243,1847,549
20260801_194017,4168243,3607,530
20260801_194017,4168243,1848,533
20260801_194017,4168243,4245,532
20260801_194017,4168243,1850,529
20260801_194017,4168243,1851,562
20260801_194017,4168243,1852,543
20260801_194017,4168243,1853,525
20260801_194017,4168243,3493,549
20260801_194017,4168244,3621,320
20260801_194017,4168244,3619,294
20260801_194017,4168244,2673,263
20260801_194017,4168244,2674,264
20260801_194017,4168244,2675,271
20260801_194017,4168244,2676,285
20260801_194017,4168244,2677,264
20260801_194017,4168244,2678,309
20260801_194017,4168244,2679,285
20260801_194017,4168244,2680,284
20260801_194017,4168244,2681,313
20260801_194017,4168244,2682,293
20260801_194017,4168244,2683,278
20260801_194017,4168244,2685,306
20260801_194017,4168244,3920,297
20260801_194017,4168244,3919,285
20260801_194017,4168244,3918,280
20260801_194017,4168244,3917,282
20260801_194017,4168244,3916,303
20260801_194017,4168244,3915,285
20260801_194017,4168244,3178,261
20260801_194017,4168244,3179,306
20260801_194017,4168244,3180,296
20260801_194017,4168244,3086,300
20260801_194017,4168244,3181,291
20260801_194017,4168244,3183,285
20260801_194017,4168244,3184,267
20260801_194017,4168244,3185,276
20260801_194017,4168244,2057,299
20260801_194017,4168244,3503,285
20260801_194017,4168244,3504,258
20260801_194017,4168244,3505,280
20260801_194017,4168244,2058,283
20260801_194017,4168244,2059,293
20260801_194017,4168244,2060,312
20260801_194017,4168244,2105,302
20260801_194017,4168244,1846,280
20260801_194017,4168244,1847,285
20260801_194017,4168244,3607,266
20260801_194017,4168244,1848,269
20260801_194017,4168244,4245,268
20260801_194017,4168244,1850,265
20260801_194017,4168244,1851,298
20260801_194017,4168244,1852,279
20260801_194017,4168244,1853,261
20260801_194017,4168244,3493,285
20260801_194017,4166987,4003,-175
20260801_194017,4166987,3663,8
20260801_194017,4166987,3664,3
20260801_194017,4166987,4064,-21
20260801_194017,4166987,4066,-18
20260801_194017,4166987,4068,21
20260801_194017,4166987,4069,-4
20260801_194017,4166987,4070,-4
20260801_194017,4166987,1984,-10
20260801_194017,4166987,1994,0
20260801_194017,4166987,1995,-11
20260801_194017,4166987,1996,17
20260801_194017,4166987,1997,-15
20260801_194017,4166987,1998,-26
20260801_194017,4166987,1999,0
20260801_194017,4166987,2000,-11
20260801_194017,4166987,2001,21
20260801_194017,4166987,2002,1
20260801_194017,4166987,2003,29
20260801_194017,4166987,2004,-2
20260801_194017,4166987,1270,8
20260801_194017,4166987,3743,-16
20260801_194017,4166987,1907,0
20260801_194017,4166987,2007,27
20260801_194017,4166987,3448,-26
20260801_194017,4166987,2010,0
20260801_194017,4166987,2011,-15
20260801_194017,4166987,2012,27
20260801_194017,4166987,2013,3
20260801_194017,4166987,2014,-8
20260801_194017,4166987,2015,12
20260801_194017,4166987,2020,0
20260801_194017,4166987,2021,26
20260801_194017,4166987,2424,1
20260801_194017,4166987,2425,-19
20260801_194017,4166987,2426,4
20260801_194017,4166987,2427,-8
20260801_194017,4166987,2428,19
20260801_194017,4166987,2429,26
20260801_194017,4166987,2430,-7
20260801_194017,4166987,2431,19
20260801_194017,4166987,2432,-20
20260801_194017,4166987,2433,20
20260801_194017,4166987,2434,0
20260801_194017,4165897,1519,0
20260801_194017,4165897,1523,3
20260801_194017,4165897,4163,15
20260801_194017,4165897,4209,-18
20260801_194017,4165897,2274,23
20260801_194017,4165897,2275,-5
20260801_194017,4165897,2276,-19
20260801_194017,4165897,4124,0
20260801_194017,4165897,4125,-18
20260801_194017,4165897,4119,22
20260801_194017,4165897,2295,18
20260801_194017,4165897,4120,-12
20260801_194017,4165897,2297,9
20260801_194017,4165897,2298,-16
20260801_194017,4165897,4220,17
20260801_194017,4165897,2165,0
20260801_194017,4166986,4003,0
20260801_194017,4166986,3663,8
20260801_194017,4166986,3664,3
20260801_194017,4166986,4064,-21
20260801_194017,4166986,4066,-18
20260801_194017,4166986,4068,21
20260801_194017,4166986,4069,-4
20260801_194017,4166986,4070,-4
20260801_194017,4166986,1984,-10
20260801_194017,4166986,1994,0
20260801_194017,4166986,1995,-11
20260801_194017,4166986,1996,17
20260801_194017,4166986,1997,-15
20260801_194017,4166986,1998,-26
20260801_194017,4166986,1999,0
20260801_194017,4166986,2000,-11
20260801_194017,4166986,2001,21
20260801_194017,4166986,2002,1
20260801_194017,4166986,2003,29
20260801_194017,4166986,2004,-2
20260801_194017,4166986,1270,8
20260801_194017,4166986,3743,-16
20260801_194017,4166986,1907,0
20260801_194017,4166986,2007,27
20260801_194017,4166986,3448,-26
20260801_194017,4166986,2010,0
20260801_194017,4166986,2011,-15
20260801_194017,4166986,2012,27
20260801_194017,4166986,2013,3
20260801_194017,4166986,2014,-8
20260801_194017,4166986,2015,12
20260801_194017,4166986,2020,0
20260801_194017,4166986,2021,26
20260801_194017,4166986,2424,1
20260801_194017,4166986,2425,-19
20260801_194017,4166986,2426,4
20260801_194017,4166986,2427,-8
20260801_194017,4166986,2428,19
20260801_194017,4166986,2429,26
20260801_194017,4166986,2430,-7
20260801_194017,4166986,2431,19
20260801_194017,4166986,2432,-20
20260801_194017,4166986,2433,20
20260801_194017,4166986,2434,0
20260801_194017,4165896,1519,0
20260801_194017,4165896,1523,3
20260801_194017,4165896,4163,15
20260801_194017,4165896,4209,-18
20260801_194017,4165896,2274,23
20260801_194017,4165896,2275,-5
20260801_194017,4165896,2276,-19
20260801_194017,4165896,4124,0
20260801_194017,4165896,4125,-18
20260801_194017,4165896,4119,22
20260801_194017,4165896,2295,18
20260801_194017,4165896,4120,-12
20260801_194017,4165896,2297,9
20260801_194017,4165896,2298,-16
20260801_194017,4165896,4220,17
20260801_194017,4165896,2165,0
20260801_194017,4166864,1130,0
20260801_194017,4166864,2504,28
20260801_194017,4166864,2505,-18
20260801_194017,4166864,2507,-28
20260801_194017,4166864,2508,0
20260801_194017,4166864,2509,-24
20260801_194017,4166864,2532,-26
20260801_194017,4166864,2533,0
20260801_194017,4166864,3581,24
20260801_194017,4166864,2535,-28
20260801_194017,4166864,1957,-21
20260801_194017,4166864,4048,0
20260801_194017,4166864,1959,-2
20260801_194017,4166864,2536,-17
20260801_194017,4166864,2538,0
20260801_194017,4166864,2540,0
20260801_194017,4166864,2542,-1
20260801_194017,4166864,2543,-12
20260801_194017,4166864,2544,25
20260801_194017,4166864,1901,0
20260801_194017,4166864,1899,1
20260801_194017,4166864,1088,0
20260801_194017,4166864,1385,26
20260801_194017,4166864,2924,19
20260801_194017,4166864,2925,10
20260801_194017,4166864,5033,-3
20260801_194017,4166864,2568,-27
20260801_194017,4166864,2569,0
20260801_194017,4166864,2570,-18
20260801_194017,4166864,2571,-24
20260801_194017,4166864,2572,-3
20260801_194017,4166864,3661,-15
20260801_194017,4166864,2573,29
20260801_194017,4166864,2575,-7
20260801_194017,4166864,2576,0
20260801_194017,4166864,2578,13
20260801_194017,4166864,2580,27
20260801_194017,4166864,2581,1
20260801_194017,4166864,2582,-2
20260801_194017,4166864,2583,8
20260801_194017,4166864,3490,0
20260801_194017,4168805,1589,150
20260801_194017,4168805,1591,118
20260801_194017,4168805,1597,0
20260801_194017,4168805,1600,0
20260801_194017,4168805,1603,12
20260801_194017,4168805,3536,-2
20260801_194017,4168805,1521,0
20260801_194017,4168805,3863,3
20260801_194017,4168805,3864,8
20260801_194017,4168805,2249,24
20260801_194017,4168805,2290,17
20260801_194017,4168805,2250,0
20260801_194017,4165895,2276,129
20260801_194017,4165895,4124,124
20260801_194017,4165895,4125,106
20260801_194017,4165895,4119,146
20260801_194017,4165895,2295,142
20260801_194017,4165895,4120,136
20260801_194017,4165895,2297,157
20260801_194017,4165895,2298,132
20260801_194017,4165895,4220,165
20260801_194017,4165895,2165,109
20260801_194017,4166500,1065,0
20260801_194017,4166500,1318,-4
20260801_194017,4166500,1319,-24
20260801_194017,4166500,1544,-12
20260801_194017,4166500,1546,8
20260801_194017,4166500,1547,-17
20260801_194017,4166500,1549,2
20260801_194017,4166500,1550,0
20260801_194017,4166500,2107,0
20260801_194017,4166500,1258,-7
20260801_194017,4166500,1259,-24
20260801_194017,4166500,1281,25
20260801_194017,4166500,1299,0
20260801_194017,4166500,1300,22
20260801_194017,4166500,1291,0
20260801_194017,4166500,4100,-22
20260801_194017,4166500,4102,22
20260801_194017,4166500,1020,-17
20260801_194017,4166500,3649,26
20260801_194017,4166500,1035,7
20260801_194017,4166500,3531,16
20260801_194017,4166500,2318,-20
20260801_194017,4166500,1572,0
20260801_194017,4166863,1130,0
20260801_194017,4166863,2504,28
20260801_194017,4166863,2505,-18
20260801_194017,4166863,2507,-28
20260801_194017,4166863,2508,0
20260801_194017,4166863,2509,-24
20260801_194017,4166863,2532,-26
20260801_194017,4166863,2533,0
20260801_194017,4166863,3581,24
20260801_194017,4166863,2535,-28
20260801_194017,4166863,1957,-21
20260801_194017,4166863,4048,0
20260801_194017,4166863,1959,-2
20260801_194017,4166863,2536,-17
20260801_194017,4166863,2538,0
20260801_194017,4166863,2540,0
20260801_194017,4166863,2542,-1
20260801_194017,4166863,2543,-12
20260801_194017,4166863,2544,25
20260801_194017,4166863,1901,0
20260801_194017,4166863,1899,1
20260801_194017,4166863,1088,0
20260801_194017,4166863,1385,26
20260801_194017,4166863,2924,19
20260801_194017,4166863,2925,10
20260801_194017,4166863,5033,-3
20260801_194017,4166863,2568,-27
20260801_194017,4166863,2569,0
20260801_194017,4166863,2570,-18
20260801_194017,4166863,2571,-24
20260801_194017,4166863,2572,-3
20260801_194017,4166863,3661,-15
20260801_194017,4166863,2573,29
20260801_194017,4166863,2575,-7
20260801_194017,4166863,2576,0
20260801_194017,4166863,2578,13
20260801_194017,4166863,2580,27
20260801_194017,4166863,2581,1
20260801_194017,4166863,2582,-2
20260801_194017,4166863,2583,8
20260801_194017,4166863,3490,0
20260801_194017,4166984,4003,0
20260801_194017,4166984,3663,8
20260801_194017,4166984,3664,3
20260801_194017,4166984,4064,-21
20260801_194017,4166984,4066,-18
20260801_194017,4166984,4068,21
20260801_194017,4166984,4069,-4
20260801_194017,4166984,4070,-4
20260801_194017,4166984,1984,-10
20260801_194017,4166984,1994,0
20260801_194017,4166984,1995,-11
20260801_194017,4166984,1996,17
20260801_194017,4166984,1997,-15
20260801_194017,4166984,1998,-26
20260801_194017,4166984,1999,0
20260801_194017,4166984,2000,-11
20260801_194017,4166984,2001,21
20260801_194017,4166984,2002,1
20260801_194017,4166984,2003,29
20260801_194017,4166984,2004,-2
20260801_194017,4166984,1270,8
20260801_194017,4166984,3743,-16
20260801_194017,4166984,1907,0
20260801_194017,4166984,2007,27
20260801_194017,4166984,3448,-26
20260801_194017,4166984,2010,0
20260801_194017,4166984,2011,-15
20260801_194017,4166984,2012,27
20260801_194017,4166984,2013,3
20260801_194017,4166984,2014,-8
20260801_194017,4166984,2015,12
20260801_194017,4166984,2020,0
20260801_194017,4166984,2021,26
20260801_194017,4166984,2424,1
20260801_194017,4166984,2425,-19
20260801_194017,4166984,2426,4
20260801_194017,4166984,2427,-8
20260801_194017,4166984,2428,19
20260801_194017,4166984,2429,26
20260801_194017,4166984,2430,-7
20260801_194017,4166984,2431,19
20260801_194017,4166984,2432,-20
20260801_194017,4166984,2433,20
20260801_194017,4166984,2434,0
20260801_194017,4168806,1567,-28
20260801_194017,4168806,1569,0
20260801_194017,4168806,1573,-7
20260801_194017,4168806,1574,-15
20260801_194017,4168806,4223,-7
20260801_194017,4168806,4104,-27
20260801_194017,4168806,1585,-24
20260801_194017,4168806,1587,3
20260801_194017,4168806,1589,22
20260801_194017,4168806,1591,0
20260801_194017,4168806,1597,0
20260801_194017,4168806,1600,0
20260801_194017,4168806,1603,12
20260801_194017,4168806,3536,-2
20260801_194017,4168806,1521,0
20260801_194017,4168806,3863,3
20260801_194017,4168806,3864,8
20260801_194017,4168806,2249,24
20260801_194017,4168806,2290,17
20260801_194017,4168806,2250,0
20260801_194017,4167710,1277,144
20260801_194017,4167710,1677,120
20260801_194017,4167710,1933,153
20260801_194017,4167710,1678,144
20260801_194017,4167710,1692,170
20260801_194017,4167710,1935,135
20260801_194017,4167710,1937,144
20260801_194017,4167710,2352,114
20260801_194017,4167710,1924,123
20260801_194017,4167710,1912,146
20260801_194017,4167710,1921,146
20260801_194017,4167710,1474,144
20260801_194017,4167710,1899,172
20260801_194017,4167710,1088,167
20260801_194017,4167710,1089,144
20260801_194017,4167710,2754,129
20260801_194017,4167710,2755,147
20260801_194017,4167710,3356,144
20260801_194017,4167710,3357,118
20260801_194017,4167710,3198,128
20260801_194017,4167710,3199,121
20260801_194017,4167710,1716,144
20260801_194017,4167710,1654,147
20260801_194017,4167710,1314,159
20260801_194017,4167710,2672,150
20260801_194017,4167710,1203,144
20260801_194017,4167710,1101,116
20260801_194017,4167710,4000,144
20260801_194017,4166627,1078,0
20260801_194017,4166627,1093,4
20260801_194017,4166627,1094,-8
20260801_194017,4166627,4074,25
20260801_194017,4166627,3865,3
20260801_194017,4166627,3630,-21
20260801_194017,4166627,3866,0
20260801_194017,4166627,3867,2
20260801_194017,4166627,3626,-7
20260801_194017,4166627,1181,18
20260801_194017,4166627,1182,-24
20260801_194017,4166627,1183,17
20260801_194017,4166627,1184,0
20260801_194017,4166627,1185,2
20260801_194017,4166627,1186,22
20260801_194017,4166627,1188,25
20260801_194017,4166627,1189,29
20260801_194017,4166627,1190,19
20260801_194017,4166627,1191,0
20260801_194017,4166627,1193,-5
20260801_194017,4166627,1194,-4
20260801_194017,4166627,1195,-23
20260801_194017,4166627,1196,8
20260801_194017,4166627,1197,-18
20260801_194017,4166627,1198,-23
20260801_194017,4166627,1200,29
20260801_194017,4166627,1257,0
20260801_194017,4166627,1201,-13
20260801_194017,4166627,1202,-21
20260801_194017,4166627,1212,-22
20260801_194017,4166627,1128,0
20260801_194017,4167711,1277,0
20260801_194017,4167711,1677,-24
20260801_194017,4167711,1933,9
20260801_194017,4167711,1678,0
20260801_194017,4167711,1692,26
20260801_194017,4167711,1935,-9
20260801_194017,4167711,1937,0
20260801_194017,4167711,2352,-30
20260801_194017,4167711,1924,-21
20260801_194017,4167711,1912,2
20260801_194017,4167711,1921,2
20260801_194017,4167711,1474,0
20260801_194017,4167711,1899,28
20260801_194017,4167711,1088,23
20260801_194017,4167711,1089,0
20260801_194017,4167711,2754,-15
20260801_194017,4167711,2755,3
20260801_194017,4167711,3356,0
20260801_194017,4167711,3357,-26
20260801_194017,4167711,3198,-16
20260801_194017,4167711,3199,-23
20260801_194017,4167711,1716,0
20260801_194017,4167711,1654,3
20260801_194017,4167711,1314,15
20260801_194017,4167711,2672,6
20260801_194017,4167711,1203,0
20260801_194017,4167711,1101,-28
20260801_194017,4167711,4000,0
20260801_194017,4166626,1078,0
20260801_194017,4166626,1093,4
20260801_194017,4166626,1094,-8
20260801_194017,4166626,4074,25
20260801_194017,4166626,3865,3
20260801_194017,4166626,3630,-21
20260801_194017,4166626,3866,0
20260801_194017,4166626,3867,2
20260801_194017,4166626,3626,-7
20260801_194017,4166626,1181,18
20260801_194017,4166626,1182,-24
20260801_194017,4166626,1183,17
20260801_194017,4166626,1184,0
20260801_194017,4166626,1185,2
20260801_194017,4166626,1186,22
20260801_194017,4166626,1188,25
20260801_194017,4166626,1189,29
20260801_194017,4166626,1190,19
20260801_194017,4166626,1191,0
20260801_194017,4166626,1193,-5
20260801_194017,4166626,1194,-4
20260801_194017,4166626,1195,-23
20260801_194017,4166626,1196,8
20260801_194017,4166626,1197,-18
20260801_194017,4166626,1198,-23
20260801_194017,4166626,1200,29
20260801_194017,4166626,1257,0
20260801_194017,4166626,1201,-13
20260801_194017,4166626,1202,-21
20260801_194017,4166626,1212,-22
20260801_194017,4166626,1128,0
20260801_194017,4166989,2425,35
20260801_194017,4166989,2426,35
20260801_194017,4166989,2427,-6
20260801_194017,4166989,2428,21
20260801_194017,4166989,2429,28
20260801_194017,4166989,2430,-5
20260801_194017,4166989,2431,35
20260801_194017,4166989,2432,-4
20260801_194017,4166989,2433,22
20260801_194017,4166989,2434,2
20260801_194017,4166625,1193,129
20260801_194017,4166625,1194,119
20260801_194017,4166625,1195,89
20260801_194017,4166625,1196,131
20260801_194017,4166625,1197,105
20260801_194017,4166625,1198,100
20260801_194017,4166625,1200,141
20260801_194017,4166625,1257,132
20260801_194017,4166625,1201,131
20260801_194017,4166625,1202,111
20260801_194017,4166625,1212,131
20260801_194017,4166625,1128,134
20260801_194017,4167817,1127,0
20260801_194017,4167817,2505,14
20260801_194017,4167817,2508,-12
20260801_194017,4167817,4072,0
20260801_194017,4167817,2512,12
20260801_194017,4167817,3889,-22
20260801_194017,4167817,1260,0
20260801_194017,4167817,2531,-29
20260801_194017,4167817,1099,24
20260801_194017,4167817,3445,-23
20260801_194017,4167817,3162,-28
20260801_194017,4167817,3590,0
20260801_194017,4167817,3165,15
20260801_194017,4167817,3167,-3
20260801_194017,4167817,3169,-1
20260801_194017,4167817,3170,-24
20260801_194017,4167817,3892,0
20260801_194017,4167817,2981,7
20260801_194017,4167817,2983,-5
20260801_194017,4167817,2985,0
20260801_194017,4167817,3894,-8
20260801_194017,4167817,2065,12
20260801_194017,4167817,3004,26
20260801_194017,4167817,2881,-22
20260801_194017,4167817,1973,0
20260801_194017,4167817,1028,17
20260801_194017,4167817,2024,-17
20260801_194017,4167817,1458,0
20260801_194017,4167817,1857,-12
20260801_194017,4167817,1860,8
20260801_194017,4167817,1703,19
20260801_194017,4167817,1859,24
20260801_194017,4167817,2052,0
20260801_194017,4167817,3641,15
20260801_194017,4167817,1732,0
20260801_194017,4167818,1127,0
20260801_194017,4167818,2505,14
20260801_194017,4167818,2508,-12
20260801_194017,4167818,4072,0
20260801_194017,4167818,2512,12
20260801_194017,4167818,3889,-22
20260801_194017,4167818,1260,0
20260801_194017,4167818,2531,-29
20260801_194017,4167818,1099,24
20260801_194017,4167818,3445,-23
20260801_194017,4167818,3162,-28
20260801_194017,4167818,3590,0
20260801_194017,4167818,3165,15
20260801_194017,4167818,3167,-3
20260801_194017,4167818,3169,-1
20260801_194017,4167818,3170,-24
20260801_194017,4167818,3892,0
20260801_194017,4167818,2981,7
20260801_194017,4167818,2983,-5
20260801_194017,4167818,2985,0
20260801_194017,4167818,3894,-8
20260801_194017,4167818,2065,12
20260801_194017,4167818,3004,26
20260801_194017,4167818,2881,-22
20260801_194017,4167818,1973,0
20260801_194017,4167818,1028,17
20260801_194017,4167818,2024,-17
20260801_194017,4167818,1458,0
20260801_194017,4167818,1857,-12
20260801_194017,4167818,1860,8
20260801_194017,4167818,1703,19
20260801_194017,4167818,1859,24
20260801_194017,4167818,2052,0
20260801_194017,4167818,3641,15
20260801_194017,4167818,1732,0
20260801_194017,4166051,4173,206
20260801_194017,4166051,4175,214
20260801_194017,4166051,4235,218
20260801_194017,4166051,1354,210
20260801_194017,4166051,1356,174
20260801_194017,4166051,1357,147
20260801_194017,4166051,1358,156
20260801_194017,4166051,4208,128
20260801_194017,4166051,1065,147
20260801_194017,4166297,1066,0
20260801_194017,4166297,1477,3
20260801_194017,4166297,1478,-3
20260801_194017,4166297,4161,10
20260801_194017,4166297,1429,21
20260801_194017,4166297,1430,25
20260801_194017,4166297,3280,-3
20260801_194017,4166297,1431,25
20260801_194017,4166297,1432,0
20260801_194017,4166297,1433,-18
20260801_194017,4166297,3519,3
20260801_194017,4166297,1282,0
20260801_194017,4166297,1283,-10
20260801_194017,4166297,1284,-25
20260801_194017,4166297,4121,27
20260801_194017,4166297,4154,-31
20260801_194017,4166297,4156,28
20260801_194017,4166297,1588,26
20260801_194017,4166297,1589,5
20260801_194017,4166297,1443,8
20260801_194017,4166297,4157,0
20260801_194017,4166297,1402,17
20260801_194017,4166297,1403,-8
20260801_194017,4166297,1404,19
20260801_194017,4166297,1405,-9
20260801_194017,4166297,1407,-30
20260801_194017,4166297,1408,7
20260801_194017,4166297,1410,0
20260801_194017,4168476,5134,-19
20260801_194017,4168476,1242,-18
20260801_194017,4168476,1243,3
20260801_194017,4168476,3542,28
20260801_194017,4168476,1244,-1
20260801_194017,4168476,3512,448
20260801_194017,4168476,3930,25
20260801_194017,4168476,3931,-2
20260801_194017,4168476,3932,-27
20260801_194017,4168476,3411,0
20260801_194017,4166296,1066,0
20260801_194017,4166296,1477,3
20260801_194017,4166296,1478,-3
20260801_194017,4166296,4161,10
20260801_194017,4166296,1429,21
20260801_194017,4166296,1430,25
20260801_194017,4166296,3280,-3
20260801_194017,4166296,1431,25
20260801_194017,4166296,1432,0
20260801_194017,4166296,1433,-18
20260801_194017,4166296,3519,3
20260801_194017,4166296,1282,0
20260801_194017,4166296,1283,-10
20260801_194017,4166296,1284,-25
20260801_194017,4166296,4121,27
20260801_194017,4166296,4154,-31
20260801_194017,4166296,4156,28
20260801_194017,4166296,1588,26
20260801_194017,4166296,1589,5
20260801_194017,4166296,1443,8
20260801_194017,4166296,4157,0
20260801_194017,4166296,1402,17
20260801_194017,4166296,1403,-8
20260801_194017,4166296,1404,19
20260801_194017,4166296,1405,-9
20260801_194017,4166296,1407,-30
20260801_194017,4166296,1408,7
20260801_194017,4166296,1410,0
20260801_194017,4168477,3527,76
20260801_194017,4168477,1476,16
20260801_194017,4168477,1384,-19
20260801_194017,4168477,6103,-10
20260801_194017,4168477,4194,15
20260801_194017,4168477,6104,0
20260801_194017,4168477,1477,13
20260801_194017,4168477,1478,20
20260801_194017,4168477,1479,24
20260801_194017,4168477,1480,3
20260801_194017,4168477,1409,-17
20260801_194017,4168477,6105,0
20260801_194017,4168477,1482,16
20260801_194017,4168477,1483,13
20260801_194017,4168477,1276,0
20260801_194017,4168477,1294,-24
20260801_194017,4168477,1295,10
20260801_194017,4168477,1297,12
20260801_194017,4168477,1298,-4
20260801_194017,4168477,2107,-15
20260801_194017,4168477,3922,-12
20260801_194017,4168477,3923,21
20260801_194017,4168477,3924,3
20260801_194017,4168477,3925,0
20260801_194017,4168477,3926,-11
20260801_194017,4168477,5133,-25
20260801_194017,4168477,3512,-11
20260801_194017,4168477,5134,0
20260801_194017,4168477,1242,-18
20260801_194017,4168477,1243,3
20260801_194017,4168477,3542,28
20260801_194017,4168477,1244,-1
20260801_194017,4168477,3512,448
20260801_194017,4168477,3930,25
20260801_194017,4168477,3931,-2
20260801_194017,4168477,3932,-27
20260801_194017,4168477,3411,0
20260801_194017,4166295,1432,151
20260801_194017,4166295,1433,120
20260801_194017,4166295,3519,130
20260801_194017,4166295,1282,127
20260801_194017,4166295,1283,117
20260801_194017,4166295,1284,127
20260801_194017,4166295,4121,179
20260801_194017,4166295,4154,121
20260801_194017,4166295,4156,180
20260801_194017,4166295,1588,178
20260801_194017,4166295,1589,157
20260801_194017,4166295,1443,160
20260801_194017,4166295,4157,152
20260801_194017,4166295,1402,169
20260801_194017,4166295,1403,144
20260801_194017,4166295,1404,171
20260801_194017,4166295,1405,143
20260801_194017,4166295,1407,122
20260801_194017,4166295,1408,159
20260801_194017,4166295,1410,152
20260801_194017,4168478,1511,0
20260801_194017,4168478,5116,19
20260801_194017,4168478,1470,22
20260801_194017,4168478,1471,2
20260801_194017,4168478,1472,20
20260801_194017,4168478,6102,-10
20260801_194017,4168478,1475,18
20260801_194017,4168478,3527,28
20260801_194017,4168478,1476,-6
20260801_194017,4168478,1384,-24
20260801_194017,4168478,6103,-15
20260801_194017,4168478,4194,10
20260801_194017,4168478,6104,0
20260801_194017,4168478,1477,13
20260801_194017,4168478,1478,20
20260801_194017,4168478,1479,24
20260801_194017,4168478,1480,3
20260801_194017,4168478,1409,-17
20260801_194017,4168478,6105,0
20260801_194017,4168478,1482,16
20260801_194017,4168478,1483,13
20260801_194017,4168478,1276,0
20260801_194017,4168478,1294,-24
20260801_194017,4168478,1295,10
20260801_194017,4168478,1297,12
20260801_194017,4168478,1298,-4
20260801_194017,4168478,2107,-15
20260801_194017,4168478,3922,-12
20260801_194017,4168478,3923,21
20260801_194017,4168478,3924,3
20260801_194017,4168478,3925,0
20260801_194017,4168478,3926,-11
20260801_194017,4168478,5133,-25
20260801_194017,4168478,3512,-11
20260801_194017,4168478,5134,0
20260801_194017,4168478,1242,-18
20260801_194017,4168478,1243,3
20260801_194017,4168478,3542,28
20260801_194017,4168478,1244,-1
20260801_194017,4168478,3512,448
20260801_194017,4168478,3930,25
20260801_194017,4168478,3931,-2
20260801_194017,4168478,3932,-27
20260801_194017,4168478,3411,0
20260801_194017,4166052,4173,0
20260801_194017,4166052,4175,-24
20260801_194017,4166052,4235,-20
20260801_194017,4166052,1354,-28
20260801_194017,4166052,1356,27
20260801_194017,4166052,1357,0
20260801_194017,4166052,1358,9
20260801_194017,4166052,4208,-19
20260801_194017,4166052,1065,0
20260801_194017,4167148,1675,1065
20260801_194017,4167148,1676,1052
20260801_194017,4167148,4096,1071
20260801_194017,4167148,1545,1128
20260801_194017,4167148,4094,1101
20260801_194017,4167148,2901,1096
20260801_194017,4167148,2902,1078
20260801_194017,4167148,2903,1121
20260801_194017,4167148,2904,1084
20260801_194017,4167148,2905,1101
20260801_194017,4167148,2938,1095
20260801_194017,4167148,3021,1080
20260801_194017,4167148,1134,1129
20260801_194017,4167148,3053,1106
20260801_194017,4167148,2908,1126
20260801_194017,4167148,2910,1111
20260801_194017,4167148,2911,1101
20260801_194017,4167148,2912,1087
20260801_194017,4167148,2913,1119
20260801_194017,4167148,2914,1098
20260801_194017,4167148,5000,1109
20260801_194017,4167148,1386,1058
20260801_194017,4167148,2919,1035
20260801_194017,4167148,2920,1007
20260801_194017,4167148,2579,1001
20260801_194017,4167148,1000,1030
20260801_194017,4168479,1511,0
20260801_194017,4168479,5116,19
20260801_194017,4168479,1470,22
20260801_194017,4168479,1471,2
20260801_194017,4168479,1472,20
20260801_194017,4168479,6102,-10
20260801_194017,4168479,1475,18
20260801_194017,4168479,3527,28
20260801_194017,4168479,1476,-6
20260801_194017,4168479,1384,-24
20260801_194017,4168479,6103,-15
20260801_194017,4168479,4194,10
20260801_194017,4168479,6104,0
20260801_194017,4168479,1477,13
20260801_194017,4168479,1478,20
20260801_194017,4168479,1479,24
20260801_194017,4168479,1480,3
20260801_194017,4168479,1409,-17
20260801_194017,4168479,6105,0
20260801_194017,4168479,1482,16
20260801_194017,4168479,1483,13
20260801_194017,4168479,1276,0
20260801_194017,4168479,1294,-24
20260801_194017,4168479,1295,10
20260801_194017,4168479,1297,12
20260801_194017,4168479,1298,-4
20260801_194017,4168479,2107,-15
20260801_194017,4168479,3922,-12
20260801_194017,4168479,3923,21
20260801_194017,4168479,3924,3
20260801_194017,4168479,3925,0
20260801_194017,4168479,3926,-11
20260801_194017,4168479,5133,-25
20260801_194017,4168479,3512,-11
20260801_194017,4168479,5134,0
20260801_194017,4168479,1242,-18
20260801_194017,4168479,1243,3
20260801_194017,4168479,3542,28
20260801_194017,4168479,1244,-1
20260801_194017,4168479,3512,448
20260801_194017,4168479,3930,25
20260801_194017,4168479,3931,-2
20260801_194017,4168479,3932,-27
20260801_194017,4168479,3411,0
20260801_194017,4166730,3576,-46
20260801_194017,4166730,2610,-43
20260801_194017,4166730,5149,2
20260801_194017,4166730,2624,0
20260801_194017,4166730,5160,-9
20260801_194017,4166730,2862,-21
20260801_194017,4166730,1043,11
20260801_194017,4166730,1044,4
20260801_194017,4166730,3499,0
20260801_194017,4168351,3309,3
20260801_194017,4168351,3311,-4
20260801_194017,4168351,3461,-34
20260801_194017,4168351,3472,-26
20260801_194017,4168351,3317,14
20260801_194017,4168351,3471,3
20260801_194017,4168351,3469,49
20260801_194017,4168351,3368,31
20260801_194017,4168351,3384,52
20260801_194017,4168351,3467,28
20260801_194017,4168351,3476,33
20260801_194017,4168351,1203,49
20260801_194017,4168351,3487,11
20260801_194017,4168351,1101,5
20260801_194017,4168351,3908,28
20260801_194017,4168352,1047,483
20260801_194017,4168352,1048,488
20260801_194017,4168352,1050,484
20260801_194017,4168352,1866,481
20260801_194017,4168352,3478,472
20260801_194017,4168352,3479,459
20260801_194017,4168352,1664,439
20260801_194017,4168352,1068,424
20260801_194017,4168352,1070,431
20260801_194017,4168352,1071,407
20260801_194017,4168352,3574,412
20260801_194017,4168352,1073,404
20260801_194017,4168352,1074,409
20260801_194017,4168352,2395,393
20260801_194017,4168352,2396,427
20260801_194017,4168352,2369,414
20260801_194017,4168352,2400,404
20260801_194017,4168352,2403,407
20260801_194017,4168352,2653,414
20260801_194017,4168352,2408,398
20260801_194017,4168352,1088,407
20260801_194017,4168352,1089,423
20260801_194017,4168352,2713,395
20260801_194017,4168352,2754,392
20260801_194017,4168352,3069,415
20260801_194017,4168352,2755,399
20260801_194017,4168352,3293,380
20260801_194017,4168352,3295,427
20260801_194017,4168352,3296,404
20260801_194017,4168352,3299,407
20260801_194017,4168352,3300,388
20260801_194017,4168352,3304,414
20260801_194017,4168352,3306,407
20260801_194017,4168352,3307,434
20260801_194017,4168352,3308,398
20260801_194017,4168352,3309,418
20260801_194017,4168352,3311,423
20260801_194017,4168352,3461,403
20260801_194017,4168352,3472,381
20260801_194017,4168352,3317,421
20260801_194017,4168352,3471,382
20260801_194017,4168352,3469,428
20260801_194017,4168352,3368,410
20260801_194017,4168352,3384,431
20260801_194017,4168352,3467,407
20260801_194017,4168352,3476,412
20260801_194017,4168352,1203,428
20260801_194017,4168352,3487,390
20260801_194017,4168352,1101,384
20260801_194017,4168352,3908,407
20260801_194017,4165760,6024,0
20260801_194017,4165760,6017,0
20260801_194017,4165760,6019,0
20260801_194017,4165760,6020,0
20260801_194017,4165760,6021,-9
20260801_194017,4165760,6022,-29
20260801_194017,4165760,6101,0
20260801_194017,4168353,3497,0
20260801_194017,4168353,1047,-11
20260801_194017,4168353,1048,-6
20260801_194017,4168353,1050,25
20260801_194017,4168353,1866,22
20260801_194017,4168353,3478,13
20260801_194017,4168353,3479,0
20260801_194017,4168353,1664,-20
20260801_194017,4168353,1068,17
20260801_194017,4168353,1070,24
20260801_194017,4168353,1071,0
20260801_194017,4168353,3574,5
20260801_194017,4168353,1073,-3
20260801_194017,4168353,1074,2
20260801_194017,4168353,2395,-14
20260801_194017,4168353,2396,20
20260801_194017,4168353,2369,7
20260801_194017,4168353,2400,-3
20260801_194017,4168353,2403,0
20260801_194017,4168353,2653,7
20260801_194017,4168353,2408,-9
20260801_194017,4168353,1088,0
20260801_194017,4168353,1089,16
20260801_194017,4168353,2713,-12
20260801_194017,4168353,2754,-15
20260801_194017,4168353,3069,8
20260801_194017,4168353,2755,-8
20260801_194017,4168353,3293,-27
20260801_194017,4168353,3295,20
20260801_194017,4168353,3296,-3
20260801_194017,4168353,3299,0
20260801_194017,4168353,3300,-19
20260801_194017,4168353,3304,7
20260801_194017,4168353,3306,0
20260801_194017,4168353,3307,27
20260801_194017,4168353,3308,-9
20260801_194017,4168353,3309,11
20260801_194017,4168353,3311,16
20260801_194017,4168353,3461,-4
20260801_194017,4168353,3472,-26
20260801_194017,4168353,3317,14
20260801_194017,4168353,3471,-25
20260801_194017,4168353,3469,21
20260801_194017,4168353,3368,3
20260801_194017,4168353,3384,24
20260801_194017,4168353,3467,0
20260801_194017,4168353,3476,5
20260801_194017,4168353,1203,21
20260801_194017,4168353,3487,-17
20260801_194017,4168353,1101,-23
20260801_194017,4168353,3908,0
20260801_194017,4168354,3497,0
20260801_194017,4168354,1047,-11
20260801_194017,4168354,1048,-6
20260801_194017,4168354,1050,25
20260801_194017,4168354,1866,22
20260801_194017,4168354,3478,13
20260801_194017,4168354,3479,0
20260801_194017,4168354,1664,-20
20260801_194017,4168354,1068,17
20260801_194017,4168354,1070,24
20260801_194017,4168354,1071,0
20260801_194017,4168354,3574,5
20260801_194017,4168354,1073,-3
20260801_194017,4168354,1074,2
20260801_194017,4168354,2395,-14
20260801_194017,4168354,2396,20
20260801_194017,4168354,2369,7
20260801_194017,4168354,2400,-3
20260801_194017,4168354,2403,0
20260801_194017,4168354,2653,7
20260801_194017,4168354,2408,-9
20260801_194017,4168354,1088,0
20260801_194017,4168354,1089,16
20260801_194017,4168354,2713,-12
20260801_194017,4168354,2754,-15
20260801_194017,4168354,3069,8
20260801_194017,4168354,2755,-8
20260801_194017,4168354,3293,-27
20260801_194017,4168354,3295,20
20260801_194017,4168354,3296,-3
20260801_194017,4168354,3299,0
20260801_194017,4168354,3300,-19
20260801_194017,4168354,3304,7
20260801_194017,4168354,3306,0
20260801_194017,4168354,3307,27
20260801_194017,4168354,3308,-9
20260801_194017,4168354,3309,11
20260801_194017,4168354,3311,16
20260801_194017,4168354,3461,-4
20260801_194017,4168354,3472,-26
20260801_194017,4168354,3317,14
20260801_194017,4168354,3471,-25
20260801_194017,4168354,3469,21
20260801_194017,4168354,3368,3
20260801_194017,4168354,3384,24
20260801_194017,4168354,3467,0
20260801_194017,4168354,3476,5
20260801_194017,4168354,1203,21
20260801_194017,4168354,3487,-17
20260801_194017,4168354,1101,-23
20260801_194017,4168354,3908,0
20260801_194017,4166732,2785,59
20260801_194017,4166732,2786,40
20260801_194017,4166732,2787,32
20260801_194017,4166732,2833,129
20260801_194017,4166732,2835,120
20260801_194017,4166732,3107,95
20260801_194017,4166732,3606,127
20260801_194017,4166732,3108,117
20260801_194017,4166732,2534,113
20260801_194017,4166732,2494,103
20260801_194017,4166732,2496,114
20260801_194017,4166732,2498,118
20260801_194017,4166732,2499,112
20260801_194017,4166732,2539,116
20260801_194017,4166732,1474,120
20260801_194017,4166732,1899,102
20260801_194017,4166732,3575,120
20260801_194017,4166732,2359,139
20260801_194017,4166732,2843,109
20260801_194017,4166732,2845,95
20260801_194017,4166732,2847,147
20260801_194017,4166732,2566,120
20260801_194017,4166732,2617,109
20260801_194017,4166732,3576,135
20260801_194017,4166732,2610,124
20260801_194017,4166732,5149,122
20260801_194017,4166732,2624,120
20260801_194017,4166732,5160,111
20260801_194017,4166732,2862,99
20260801_194017,4166732,1043,131
20260801_194017,4166732,1044,124
20260801_194017,4166732,3499,120
20260801_194017,4166731,2785,0
20260801_194017,4166731,2786,-19
20260801_194017,4166731,2787,40
20260801_194017,4166731,2833,27
20260801_194017,4166731,2835,18
20260801_194017,4166731,3107,-7
20260801_194017,4166731,3606,25
20260801_194017,4166731,3108,15
20260801_194017,4166731,2534,11
20260801_194017,4166731,2494,1
20260801_194017,4166731,2496,12
20260801_194017,4166731,2498,16
20260801_194017,4166731,2499,10
20260801_194017,4166731,2539,14
20260801_194017,4166731,1474,18
20260801_194017,4166731,1899,0
20260801_194017,4166731,3575,18
20260801_194017,4166731,2359,37
20260801_194017,4166731,2843,7
20260801_194017,4166731,2845,-7
20260801_194017,4166731,2847,45
20260801_194017,4166731,2566,18
20260801_194017,4166731,2617,7
20260801_194017,4166731,3576,33
20260801_194017,4166731,2610,22
20260801_194017,4166731,5149,20
20260801_194017,4166731,2624,18
20260801_194017,4166731,5160,9
20260801_194017,4166731,2862,-3
20260801_194017,4166731,1043,29
20260801_194017,4166731,1044,22
20260801_194017,4166731,3499,18
20260801_194017,4166859,3581,617
20260801_194017,4166859,2535,565
20260801_194017,4166859,1957,572
20260801_194017,4166859,4048,613
20260801_194017,4166859,1959,591
20260801_194017,4166859,2536,576
20260801_194017,4166859,2538,654
20260801_194017,4166859,2540,654
20260801_194017,4166859,2542,653
20260801_194017,4166859,2543,642
20260801_194017,4166859,2544,679
20260801_194017,4166859,1901,654
20260801_194017,4166859,1899,557
20260801_194017,4166859,1088,556
20260801_194017,4166859,1385,582
20260801_194017,4166859,2924,575
20260801_194017,4166859,2925,566
20260801_194017,4166859,5033,553
20260801_194017,4166859,2568,529
20260801_194017,4166859,2569,556
20260801_194017,4166859,2570,538
20260801_194017,4166859,2571,532
20260801_194017,4166859,2572,553
20260801_194017,4166859,3661,541
20260801_194017,4166859,2573,585
20260801_194017,4166859,2575,549
20260801_194017,4166859,2576,556
20260801_194017,4166859,2578,569
20260801_194017,4166859,2580,583
20260801_194017,4166859,2581,557
20260801_194017,4166859,2582,554
20260801_194017,4166859,2583,564
20260801_194017,4166859,3490,556
20260801_194017,4167149,1675,0
20260801_194017,4167149,1676,-13
20260801_194017,4167149,4096,-30
20260801_194017,4167149,1545,27
20260801_194017,4167149,4094,0
20260801_194017,4167149,2901,-5
20260801_194017,4167149,2902,-23
20260801_194017,4167149,2903,20
20260801_194017,4167149,2904,-17
20260801_194017,4167149,2905,0
20260801_194017,4167149,2938,-6
20260801_194017,4167149,3021,-21
20260801_194017,4167149,1134,28
20260801_194017,4167149,3053,5
20260801_194017,4167149,2908,25
20260801_194017,4167149,2910,10
20260801_194017,4167149,2911,0
20260801_194017,4167149,2912,-14
20260801_194017,4167149,2913,18
20260801_194017,4167149,2914,-3
20260801_194017,4167149,5000,8
20260801_194017,4167149,1386,28
20260801_194017,4167149,2919,5
20260801_194017,4167149,2920,-23
20260801_194017,4167149,2579,-29
20260801_194017,4167149,1000,0
20260801_194017,4166858,2570,183
20260801_194017,4166858,2571,147
20260801_194017,4166858,2572,152
20260801_194017,4166858,3661,140
20260801_194017,4166858,2573,210
20260801_194017,4166858,2575,148
20260801_194017,4166858,2576,212
20260801_194017,4166858,2578,225
20260801_194017,4166858,2580,239
20260801_194017,4166858,2581,213
20260801_194017,4166858,2582,210
20260801_194017,4166858,2583,220
20260801_194017,4166858,3490,120
20260801_194017,4167927,3881,0
20260801_194017,4167927,3554,-5
20260801_194017,4167927,3553,21
20260801_194017,4167927,3555,10
20260801_194017,4167927,3208,9
20260801_194017,4167927,3210,16
20260801_194017,4167927,3142,0
20260801_194017,4167927,3212,-11
20260801_194017,4167927,3214,-25
20260801_194017,4167927,3215,23
20260801_194017,4167927,3216,0
20260801_194017,4167927,3219,26
20260801_194017,4167927,3220,14
20260801_194017,4167927,3564,0
20260801_194017,4167927,3221,3
20260801_194017,4167927,3222,-28
20260801_194017,4167927,3565,6
20260801_194017,4167927,3224,4
20260801_194017,4167927,3225,-27
20260801_194017,4167927,3227,16
20260801_194017,4167927,3226,0
20260801_194017,4167927,1895,20
20260801_194017,4167927,1899,-29
20260801_194017,4167927,3575,28
20260801_194017,4167927,1001,12
20260801_194017,4167927,1002,-21
20260801_194017,4167927,1003,-7
20260801_194017,4167927,1004,-11
20260801_194017,4167927,1006,0
20260801_194017,4167927,5100,-7
20260801_194017,4167927,1936,-16
20260801_194017,4167927,2333,-10
20260801_194017,4167927,2335,27
20260801_194017,4167927,2336,0
20260801_194017,4167927,1680,-25
20260801_194017,4167927,1681,28
20260801_194017,4167927,1682,16
20260801_194017,4167927,1683,-12
20260801_194017,4167927,1684,-13
20260801_194017,4167927,2394,25
20260801_194017,4167927,1014,-23
20260801_194017,4167927,1016,-24
20260801_194017,4167927,1668,0
20260801_194017,4167928,3881,0
20260801_194017,4167928,3554,-5
20260801_194017,4167928,3553,21
20260801_194017,4167928,3555,10
20260801_194017,4167928,3208,9
20260801_194017,4167928,3210,16
20260801_194017,4167928,3142,0
20260801_194017,4167928,3212,-11
20260801_194017,4167928,3214,-25
20260801_194017,4167928,3215,23
20260801_194017,4167928,3216,0
20260801_194017,4167928,3219,26
20260801_194017,4167928,3220,14
20260801_194017,4167928,3564,0
20260801_194017,4167928,3221,3
20260801_194017,4167928,3222,-28
20260801_194017,4167928,3565,6
20260801_194017,4167928,3224,4
20260801_194017,4167928,3225,-27
20260801_194017,4167928,3227,16
20260801_194017,4167928,3226,0
20260801_194017,4167928,1895,20
20260801_194017,4167928,1899,-29
20260801_194017,4167928,3575,28
20260801_194017,4167928,1001,12
20260801_194017,4167928,1002,-21
20260801_194017,4167928,1003,-7
20260801_194017,4167928,1004,-11
20260801_194017,4167928,1006,0
20260801_194017,4167928,5100,-7
20260801_194017,4167928,1936,-16
20260801_194017,4167928,2333,-10
20260801_194017,4167928,2335,27
20260801_194017,4167928,2336,0
20260801_194017,4167928,1680,-25
20260801_194017,4167928,1681,28
20260801_194017,4167928,1682,16
20260801_194017,4167928,1683,-12
20260801_194017,4167928,1684,-13
20260801_194017,4167928,2394,25
20260801_194017,4167928,1014,-23
20260801_194017,4167928,1016,-24
20260801_194017,4167928,1668,0
20260801_194017,4166161,1066,0
20260801_194017,4166161,4147,-5
20260801_194017,4166161,1275,6
20260801_194017,4166161,1328,-9
20260801_194017,4166161,1311,-19
20260801_194017,4166161,1011,26
20260801_194017,4166161,4176,21
20260801_194017,4166161,1378,0
20260801_194017,4166161,1379,2
20260801_194017,4166161,1380,-12
20260801_194017,4166161,1381,17
20260801_194017,4166161,4148,2
20260801_194017,4166161,1362,20
20260801_194017,4166161,2108,0
20260801_194017,4166161,2109,-24
20260801_194017,4166161,2110,-17
20260801_194017,4166161,2111,22
20260801_194017,4166161,4149,2
20260801_194017,4166161,4150,-4
20260801_194017,4166161,1603,0
20260801_194017,4166161,4152,-22
20260801_194017,4166161,3536,4
20260801_194017,4166161,1516,0
20260801_194017,4166160,1066,0
20260801_194017,4166160,4147,-5
20260801_194017,4166160,1275,6
20260801_194017,4166160,1328,-9
20260801_194017,4166160,1311,-19
20260801_194017,4166160,1011,26
20260801_194017,4166160,4176,21
20260801_194017,4166160,1378,0
20260801_194017,4166160,1379,2
20260801_194017,4166160,1380,-12
20260801_194017,4166160,1381,17
20260801_194017,4166160,4148,2
20260801_194017,4166160,1362,20
20260801_194017,4166160,2108,0
20260801_194017,4166160,2109,-24
20260801_194017,4166160,2110,-17
20260801_194017,4166160,2111,22
20260801_194017,4166160,4149,2
20260801_194017,4166160,4150,-4
20260801_194017,4166160,1603,0
20260801_194017,4166160,4152,-22
20260801_194017,4166160,3536,4
20260801_194017,4166160,1516,0
20260801_194017,4168104,4014,175
20260801_194017,4168104,4084,205
20260801_194017,4168104,4086,218
20260801_194017,4168104,3454,193
20260801_194017,4168104,3455,189
20260801_194017,4168104,4087,184
20260801_194017,4168104,3456,217
20260801_194017,4168104,3446,205
20260801_194017,4168104,1979,192
20260801_194017,4168104,4237,177
20260801_194017,4168104,3685,217
20260801_194017,4168104,3906,243
20260801_194017,4168104,3904,255
20260801_194017,4168104,1034,243
20260801_194017,4168104,3901,234
20260801_194017,4168104,4002,242
20260801_194017,4166162,1380,15
20260801_194017,4166162,1381,35
20260801_194017,4166162,4148,20
20260801_194017,4166162,1362,34
20260801_194017,4166162,2108,14
20260801_194017,4166162,2109,3
20260801_194017,4166162,2110,10
20260801_194017,4166162,2111,49
20260801_194017,4166162,4149,29
20260801_194017,4166162,4150,23
20260801_194017,4166162,1603,14
20260801_194017,4166162,4152,8
20260801_194017,4166162,3536,34
20260801_194017,4166162,1516,18
20260801_194017,4168105,1262,32
20260801_194017,4168105,2531,137
20260801_194017,4168105,1096,137
20260801_194017,4168105,1097,147
20260801_194017,4168105,1099,118
20260801_194017,4168105,4026,134
20260801_194017,4168105,4076,131
20260801_194017,4168105,4077,115
20260801_194017,4168105,4027,108
20260801_194017,4168105,4079,139
20260801_194017,4168105,4080,136
20260801_194017,4168105,4081,111
20260801_194017,4168105,4082,157
20260801_194017,4168105,4083,134
20260801_194017,4168105,4014,104
20260801_194017,4168105,4084,134
20260801_194017,4168105,4086,147
20260801_194017,4168105,3454,122
20260801_194017,4168105,3455,118
20260801_194017,4168105,4087,113
20260801_194017,4168105,3456,146
20260801_194017,4168105,3446,134
20260801_194017,4168105,1979,121
20260801_194017,4168105,4237,106
20260801_194017,4168105,3685,146
20260801_194017,4168105,3906,135
20260801_194017,4168105,3904,147
20260801_194017,4168105,1034,135
20260801_194017,4168105,3901,126
20260801_194017,4168105,4002,134
20260801_194017,4167010,2434,0
20260801_194017,4167010,2435,-20
20260801_194017,4167010,2436,6
20260801_194017,4167010,2437,-6
20260801_194017,4167010,2438,20
20260801_194017,4167010,2439,-12
20260801_194017,4167010,1943,-24
20260801_194017,4167010,1944,16
20260801_194017,4167010,1945,-27
20260801_194017,4167010,1946,0
20260801_194017,4167010,1947,-30
20260801_194017,4167010,1948,7
20260801_194017,4167010,1949,-5
20260801_194017,4167010,1950,24
20260801_194017,4167010,1951,5
20260801_194017,4167010,1952,-14
20260801_194017,4167010,1954,0
20260801_194017,4167010,1955,-24
20260801_194017,4167010,1956,21
20260801_194017,4167010,1957,26
20260801_194017,4167010,4015,0
20260801_194017,4167010,1959,-14
20260801_194017,4167010,1960,-25
20260801_194017,4167010,1961,-19
20260801_194017,4167010,1962,25
20260801_194017,4167010,1963,-6
20260801_194017,4167010,1964,26
20260801_194017,4167010,1965,16
20260801_194017,4167010,1966,0
20260801_194017,4167010,1968,13
20260801_194017,4167010,1969,-2
20260801_194017,4167010,1970,27
20260801_194017,4167010,1971,18
20260801_194017,4167010,4056,0
20260801_194017,4167010,1985,3
20260801_194017,4167010,1986,-30
20260801_194017,4167010,1988,23
20260801_194017,4167010,4067,-2
20260801_194017,4167010,4065,-28
20260801_194017,4167010,4063,23
20260801_194017,4167010,3880,-18
20260801_194017,4167010,3662,-23
20260801_194017,4167010,4003,0
20260801_194017,4167373,3001,-9
20260801_194017,4167373,3002,-2
20260801_194017,4167373,2065,30
20260801_194017,4167373,3005,23
20260801_194017,4167373,2328,0
20260801_194017,4167373,2329,-6
20260801_194017,4167373,2330,-6
20260801_194017,4167373,2331,-19
20260801_194017,4167373,2332,19
20260801_194017,4167373,3016,-6
20260801_194017,4167373,2884,70
20260801_194017,4167373,1548,98
20260801_194017,4167373,3037,94
20260801_194017,4167373,1662,97
20260801_194017,4167373,3044,97
20260801_194017,4167373,1028,69
20260801_194017,4167373,2024,26
20260801_194017,4167373,1669,20
20260801_194017,4167373,1670,0
20260801_194017,4167373,1463,0
20260801_194017,4167374,1672,0
20260801_194017,4167374,1676,-18
20260801_194017,4167374,2991,-23
20260801_194017,4167374,2992,28
20260801_194017,4167374,2993,-12
20260801_194017,4167374,2994,14
20260801_194017,4167374,2995,6
20260801_194017,4167374,2996,-24
20260801_194017,4167374,2997,27
20260801_194017,4167374,2999,24
20260801_194017,4167374,3000,2
20260801_194017,4167374,3001,4
20260801_194017,4167374,3002,0
20260801_194017,4167374,2065,18
20260801_194017,4167374,3005,11
20260801_194017,4167374,2328,-12
20260801_194017,4167374,2329,-6
20260801_194017,4167374,2330,-6
20260801_194017,4167374,2331,-19
20260801_194017,4167374,2332,19
20260801_194017,4167374,3016,-6
20260801_194017,4167374,2884,0
20260801_194017,4167374,1548,28
20260801_194017,4167374,3037,24
20260801_194017,4167374,1662,27
20260801_194017,4167374,3044,27
20260801_194017,4167374,1028,-1
20260801_194017,4167374,2024,26
20260801_194017,4167374,1669,20
20260801_194017,4167374,1670,0
20260801_194017,4167374,1463,0
20260801_194017,4167375,1672,0
20260801_194017,4167375,1676,-18
20260801_194017,4167375,2991,-23
20260801_194017,4167375,2992,28
20260801_194017,4167375,2993,-12
20260801_194017,4167375,2994,14
20260801_194017,4167375,2995,6
20260801_194017,4167375,2996,-24
20260801_194017,4167375,2997,27
20260801_194017,4167375,2999,24
20260801_194017,4167375,3000,2
20260801_194017,4167375,3001,4
20260801_194017,4167375,3002,0
20260801_194017,4167375,2065,18
20260801_194017,4167375,3005,11
20260801_194017,4167375,2328,-12
20260801_194017,4167375,2329,-6
20260801_194017,4167375,2330,-6
20260801_194017,4167375,2331,-19
20260801_194017,4167375,2332,19
20260801_194017,4167375,3016,-6
20260801_194017,4167375,2884,0
20260801_194017,4167375,1548,28
20260801_194017,4167375,3037,24
20260801_194017,4167375,1662,27
20260801_194017,4167375,3044,27
20260801_194017,4167375,1028,-1
20260801_194017,4167375,2024,26
20260801_194017,4167375,1669,20
20260801_194017,4167375,1670,0
20260801_194017,4167375,1463,0
20260801_194017,4165755,6020,-29
20260801_194017,4165755,6021,-9
20260801_194017,4165755,6022,-29
20260801_194017,4165755,6101,0
20260801_194017,4167815,2985,216
20260801_194017,4167815,3894,208
20260801_194017,4167815,2065,228
20260801_194017,4167815,3004,285
20260801_194017,4167815,2881,237
20260801_194017,4167815,1973,294
20260801_194017,4167815,1028,311
20260801_194017,4167815,2024,277
20260801_194017,4167815,1458,294
20260801_194017,4167815,1857,282
20260801_194017,4167815,1860,302
20260801_194017,4167815,1703,313
20260801_194017,4167815,1859,318
20260801_194017,4167815,2052,294
20260801_194017,4167815,3641,309
20260801_194017,4167815,1732,294
20260801_194017,4167816,4072,185
20260801_194017,4167816,2512,202
20260801_194017,4167816,3889,163
20260801_194017,4167816,1260,185
20260801_194017,4167816,2531,36
20260801_194017,4167816,1099,24
20260801_194017,4167816,3445,-23
20260801_194017,4167816,3162,-28
20260801_194017,4167816,3590,0
20260801_194017,4167816,3165,15
20260801_194017,4167816,3167,-3
20260801_194017,4167816,3169,-1
20260801_194017,4167816,3170,-24
20260801_194017,4167816,3892,0
20260801_194017,4167816,2981,7
20260801_194017,4167816,2983,-5
20260801_194017,4167816,2985,0
20260801_194017,4167816,3894,-8
20260801_194017,4167816,2065,12
20260801_194017,4167816,3004,26
20260801_194017,4167816,2881,-22
20260801_194017,4167816,1973,0
20260801_194017,4167816,1028,17
20260801_194017,4167816,2024,-17
20260801_194017,4167816,1458,0
20260801_194017,4167816,1857,-12
20260801_194017,4167816,1860,8
20260801_194017,4167816,1703,19
20260801_194017,4167816,1859,24
20260801_194017,4167816,2052,0
20260801_194017,4167816,3641,15
20260801_194017,4167816,1732,0
20260801_194017,4165759,6024,0
20260801_194017,4165759,6017,0
20260801_194017,4165759,6019,0
20260801_194017,4165759,6020,0
20260801_194017,4165759,6021,-9
20260801_194017,4165759,6022,-29
20260801_194017,4165759,6101,0
20260801_194017,4168106,1262,0
20260801_194017,4168106,2531,3
20260801_194017,4168106,1096,3
20260801_194017,4168106,1097,13
20260801_194017,4168106,1099,-16
20260801_194017,4168106,4026,0
20260801_194017,4168106,4076,-3
20260801_194017,4168106,4077,-19
20260801_194017,4168106,4027,-26
20260801_194017,4168106,4079,5
20260801_194017,4168106,4080,2
20260801_194017,4168106,4081,-23
20260801_194017,4168106,4082,23
20260801_194017,4168106,4083,0
20260801_194017,4168106,4014,-30
20260801_194017,4168106,4084,0
20260801_194017,4168106,4086,13
20260801_194017,4168106,3454,-12
20260801_194017,4168106,3455,-16
20260801_194017,4168106,4087,-21
20260801_194017,4168106,3456,12
20260801_194017,4168106,3446,0
20260801_194017,4168106,1979,-13
20260801_194017,4168106,4237,-28
20260801_194017,4168106,3685,12
20260801_194017,4168106,3906,1
20260801_194017,4168106,3904,13
20260801_194017,4168106,1034,1
20260801_194017,4168106,3901,-8
20260801_194017,4168106,4002,0
20260801_194017,4165758,6024,0
20260801_194017,4165758,6017,0
20260801_194017,4165758,6019,0
20260801_194017,4165758,6020,0
20260801_194017,4165758,6021,-9
20260801_194017,4165758,6022,-29
20260801_194017,4165758,6101,0
20260801_194017,4165757,6017,0
20260801_194017,4165757,6019,0
20260801_194017,4165757,6020,0
20260801_194017,4165757,6021,-9
20260801_194017,4165757,6022,-29
20260801_194017,4165757,6101,0
20260801_194017,4165756,6017,-28
20260801_194017,4165756,6019,14
20260801_194017,4165756,6020,14
20260801_194017,4165756,6021,-9
20260801_194017,4165756,6022,-29
20260801_194017,4165756,6101,0
20260801_194017,4165859,4186,0
20260801_194017,4165859,4187,-22
20260801_194017,4165859,4188,10
20260801_194017,4165859,4189,0
20260801_194017,4165859,4190,-19
20260801_194017,4165859,4191,26
20260801_194017,4165859,4192,20
20260801_194017,4165859,1371,1
20260801_194017,4165859,1372,-26
20260801_194017,4165859,1373,26
20260801_194017,4165859,1374,26
20260801_194017,4165859,1356,-23
20260801_194017,4165859,1357,0
20260801_194017,4165859,4093,-2
20260801_194017,4165859,1279,-14
20260801_194017,4165859,1318,-15
20260801_194017,4165859,1319,22
20260801_194017,4165859,4146,-12
20260801_194017,4165859,1320,20
20260801_194017,4165859,1063,0
20260801_194017,4166948,1126,67
20260801_194017,4166948,2810,144
20260801_194017,4166948,4042,126
20260801_194017,4166948,1920,122
20260801_194017,4166948,4008,160
20260801_194017,4166948,4051,133
20260801_194017,4166948,4038,107
20260801_194017,4166948,4036,119
20260801_194017,4166948,4035,146
20260801_194017,4166948,3784,114
20260801_194017,4166948,3679,147
20260801_194017,4166948,3680,136
20260801_194017,4166948,4032,133
20260801_194017,4166948,4030,104
20260801_194017,4166948,1941,117
20260801_194017,4166948,1942,133
20260801_194017,4166948,1943,113
20260801_194017,4166948,1944,108
20260801_194017,4166948,1945,133
20260801_194017,4166948,5155,117
20260801_194017,4166948,2444,146
20260801_194017,4166948,2445,159
20260801_194017,4166948,2447,140
20260801_194017,4166948,2448,103
20260801_194017,4166948,2449,133
20260801_194017,4166948,3744,105
20260801_194017,4166948,2539,119
20260801_194017,4166948,1474,133
20260801_194017,4166948,1273,155
20260801_194017,4166948,2713,133
20260801_194017,4166948,2715,157
20260801_194017,4166948,2716,160
20260801_194017,4166948,3618,133
20260801_194017,4166948,2718,114
20260801_194017,4166948,2719,144
20260801_194017,4166948,2721,120
20260801_194017,4166948,2722,105
20260801_194017,4166948,2724,108
20260801_194017,4166948,2725,138
20260801_194017,4166948,2115,124
20260801_194017,4166948,1463,133
20260801_194017,4166948,2730,150
20260801_194017,4166948,2731,137
20260801_194017,4166948,2732,109
20260801_194017,4166948,2733,150
20260801_194017,4166948,2734,127
20260801_194017,4166948,2594,114
20260801_194017,4166948,2595,141
20260801_194017,4166948,3495,133
20260801_194017,4167245,2674,8
20260801_194017,4167245,2675,35
20260801_194017,4167245,2676,21
20260801_194017,4167245,2677,27
20260801_194017,4167245,3589,58
20260801_194017,4167245,5157,53
20260801_194017,4167245,3156,2
20260801_194017,4167245,3158,-3
20260801_194017,4167245,5084,11
20260801_194017,4167245,3159,-5
20260801_194017,4167245,3160,39
20260801_194017,4167245,3907,21
20260801_194017,4167245,1974,107
20260801_194017,4167245,1975,138
20260801_194017,4167245,1976,111
20260801_194017,4167245,1977,137
20260801_194017,4167245,1978,98
20260801_194017,4167245,1979,138
20260801_194017,4167245,4237,112
20260801_194017,4167245,3685,142
20260801_194017,4167245,3906,120
20260801_194017,4167245,3904,131
20260801_194017,4167245,1034,117
20260801_194017,4167245,3901,108
20260801_194017,4167245,4003,120
20260801_194017,4167246,1129,0
20260801_194017,4167246,2812,-25
20260801_194017,4167246,2813,1
20260801_194017,4167246,2814,22
20260801_194017,4167246,2815,-4
20260801_194017,4167246,2817,0
20260801_194017,4167246,3677,28
20260801_194017,4167246,3678,-5
20260801_194017,4167246,2800,-14
20260801_194017,4167246,3679,-9
20260801_194017,4167246,3680,-11
20260801_194017,4167246,4054,0
20260801_194017,4167246,2826,0
20260801_194017,4167246,2827,1
20260801_194017,4167246,4062,6
20260801_194017,4167246,4060,-17
20260801_194017,4167246,4057,0
20260801_194017,4167246,2667,-12
20260801_194017,4167246,2670,27
20260801_194017,4167246,2671,15
20260801_194017,4167246,1166,0
20260801_194017,4167246,3619,-13
20260801_194017,4167246,2673,-12
20260801_194017,4167246,2674,-13
20260801_194017,4167246,2675,-8
20260801_194017,4167246,2676,0
20260801_194017,4167246,2677,-18
20260801_194017,4167246,3589,15
20260801_194017,4167246,5157,24
20260801_194017,4167246,3156,-24
20260801_194017,4167246,3158,-24
20260801_194017,4167246,5084,-10
20260801_194017,4167246,3159,-26
20260801_194017,4167246,3160,18
20260801_194017,4167246,3907,0
20260801_194017,4167246,1974,-13
20260801_194017,4167246,1975,18
20260801_194017,4167246,1976,-9
20260801_194017,4167246,1977,17
20260801_194017,4167246,1978,-22
20260801_194017,4167246,1979,18
20260801_194017,4167246,4237,-8
20260801_194017,4167246,3685,22
20260801_194017,4167246,3906,0
20260801_194017,4167246,3904,11
20260801_194017,4167246,1034,-3
20260801_194017,4167246,3901,-12
20260801_194017,4167246,4003,0
20260801_194017,4167247,1129,0
20260801_194017,4167247,2812,-25
20260801_194017,4167247,2813,1
20260801_194017,4167247,2814,22
20260801_194017,4167247,2815,-4
20260801_194017,4167247,2817,0
20260801_194017,4167247,3677,28
20260801_194017,4167247,3678,-5
20260801_194017,4167247,2800,-14
20260801_194017,4167247,3679,-9
20260801_194017,4167247,3680,-11
20260801_194017,4167247,4054,0
20260801_194017,4167247,2826,0
20260801_194017,4167247,2827,1
20260801_194017,4167247,4062,6
20260801_194017,4167247,4060,-17
20260801_194017,4167247,4057,0
20260801_194017,4167247,2667,-12
20260801_194017,4167247,2670,27
20260801_194017,4167247,2671,15
20260801_194017,4167247,1166,0
20260801_194017,4167247,3619,-13
20260801_194017,4167247,2673,-12
20260801_194017,4167247,2674,-13
20260801_194017,4167247,2675,-8
20260801_194017,4167247,2676,0
20260801_194017,4167247,2677,-18
20260801_194017,4167247,3589,15
20260801_194017,4167247,5157,24
20260801_194017,4167247,3156,-24
20260801_194017,4167247,3158,-24
20260801_194017,4167247,5084,-10
20260801_194017,4167247,3159,-26
20260801_194017,4167247,3160,18
20260801_194017,4167247,3907,0
20260801_194017,4167247,1974,-13
20260801_194017,4167247,1975,18
20260801_194017,4167247,1976,-9
20260801_194017,4167247,1977,17
20260801_194017,4167247,1978,-22
20260801_194017,4167247,1979,18
20260801_194017,4167247,4237,-8
20260801_194017,4167247,3685,22
20260801_194017,4167247,3906,0
20260801_194017,4167247,3904,11
20260801_194017,4167247,1034,-3
20260801_194017,4167247,3901,-12
20260801_194017,4167247,4003,0
20260801_194017,4165860,4186,0
20260801_194017,4165860,4187,-22
20260801_194017,4165860,4188,10
20260801_194017,4165860,4189,0
20260801_194017,4165860,4190,-19
20260801_194017,4165860,4191,26
20260801_194017,4165860,4192,20
20260801_194017,4165860,1371,1
20260801_194017,4165860,1372,-26
20260801_194017,4165860,1373,26
20260801_194017,4165860,1374,26
20260801_194017,4165860,1356,-23
20260801_194017,4165860,1357,0
20260801_194017,4165860,4093,-2
20260801_194017,4165860,1279,-14
20260801_194017,4165860,1318,-15
20260801_194017,4165860,1319,22
20260801_194017,4165860,4146,-12
20260801_194017,4165860,1320,20
20260801_194017,4165860,1063,0
20260801_194017,4168451,2159,21
20260801_194017,4168451,1518,44
20260801_194017,4168452,4147,-4
20260801_194017,4168452,1275,8
20260801_194017,4168452,1328,-6
20260801_194017,4168452,1311,-15
20260801_194017,4168452,1011,-30
20260801_194017,4168452,4176,26
20260801_194017,4168452,1491,0
20260801_194017,4168452,1492,4
20260801_194017,4168452,1494,9
20260801_194017,4168452,1495,-4
20260801_194017,4168452,2655,25
20260801_194017,4168452,2113,0
20260801_194017,4168452,2114,-14
20260801_194017,4168452,1503,27
20260801_194017,4168452,1504,17
20260801_194017,4168452,4132,-5
20260801_194017,4168452,2174,-28
20260801_194017,4168452,2175,0
20260801_194017,4168452,2218,-30
20260801_194017,4168452,2219,3
20260801_194017,4168452,2293,6
20260801_194017,4168452,2294,-25
20260801_194017,4168452,2181,-25
20260801_194017,4168452,2182,0
20260801_194017,4168452,2183,-19
20260801_194017,4168452,2184,14
20260801_194017,4168452,4133,-18
20260801_194017,4168452,2185,12
20260801_194017,4168452,1509,-13
20260801_194017,4168452,1510,22
20260801_194017,4168452,2159,-15
20260801_194017,4168452,1518,0
20260801_194017,4168453,1066,0
20260801_194017,4168453,4147,-4
20260801_194017,4168453,1275,8
20260801_194017,4168453,1328,-6
20260801_194017,4168453,1311,-15
20260801_194017,4168453,1011,-30
20260801_194017,4168453,4176,26
20260801_194017,4168453,1491,0
20260801_194017,4168453,1492,4
20260801_194017,4168453,1494,9
20260801_194017,4168453,1495,-4
20260801_194017,4168453,2655,25
20260801_194017,4168453,2113,0
20260801_194017,4168453,2114,-14
20260801_194017,4168453,1503,27
20260801_194017,4168453,1504,17
20260801_194017,4168453,4132,-5
20260801_194017,4168453,2174,-28
20260801_194017,4168453,2175,0
20260801_194017,4168453,2218,-30
20260801_194017,4168453,2219,3
20260801_194017,4168453,2293,6
20260801_194017,4168453,2294,-25
20260801_194017,4168453,2181,-25
20260801_194017,4168453,2182,0
20260801_194017,4168453,2183,-19
20260801_194017,4168453,2184,14
20260801_194017,4168453,4133,-18
20260801_194017,4168453,2185,12
20260801_194017,4168453,1509,-13
20260801_194017,4168453,1510,22
20260801_194017,4168453,2159,-15
20260801_194017,4168453,1518,0
20260801_194017,4167925,5100,283
20260801_194017,4167925,1936,274
20260801_194017,4167925,2333,280
20260801_194017,4167925,2335,317
20260801_194017,4167925,2336,290
20260801_194017,4167925,1680,265
20260801_194017,4167925,1681,283
20260801_194017,4167925,1682,271
20260801_194017,4167925,1683,243
20260801_194017,4167925,1684,242
20260801_194017,4167925,2394,280
20260801_194017,4167925,1014,232
20260801_194017,4167925,1016,231
20260801_194017,4167925,1668,255
20260801_194017,4167926,3554,149
20260801_194017,4167926,3553,175
20260801_194017,4167926,3555,159
20260801_194017,4167926,3208,158
20260801_194017,4167926,3210,165
20260801_194017,4167926,3142,149
20260801_194017,4167926,3212,138
20260801_194017,4167926,3214,124
20260801_194017,4167926,3215,172
20260801_194017,4167926,3216,149
20260801_194017,4167926,3219,175
20260801_194017,4167926,3220,163
20260801_194017,4167926,3564,149
20260801_194017,4167926,3221,152
20260801_194017,4167926,3222,121
20260801_194017,4167926,3565,155
20260801_194017,4167926,3224,153
20260801_194017,4167926,3225,122
20260801_194017,4167926,3227,165
20260801_194017,4167926,3226,149
20260801_194017,4167926,1895,169
20260801_194017,4167926,1899,120
20260801_194017,4167926,3575,177
20260801_194017,4167926,1001,161
20260801_194017,4167926,1002,128
20260801_194017,4167926,1003,142
20260801_194017,4167926,1004,138
20260801_194017,4167926,1006,149
20260801_194017,4167926,5100,142
20260801_194017,4167926,1936,133
20260801_194017,4167926,2333,139
20260801_194017,4167926,2335,176
20260801_194017,4167926,2336,149
20260801_194017,4167926,1680,124
20260801_194017,4167926,1681,177
20260801_194017,4167926,1682,165
20260801_194017,4167926,1683,137
20260801_194017,4167926,1684,136
20260801_194017,4167926,2394,174
20260801_194017,4167926,1014,126
20260801_194017,4167926,1016,125
20260801_194017,4167926,1668,149
20260801_194017,4165625,1520,0
20260801_194017,4165625,1523,-10
20260801_194017,4165625,8009,20
20260801_194017,4165625,8011,18
20260801_194017,4165625,3261,21
20260801_194017,4165625,3262,11
20260801_194017,4165625,3263,-18
20260801_194017,4165625,2139,0
20260801_194017,4165625,2140,-25
20260801_194017,4165625,2141,-31
20260801_194017,4165625,2142,0
20260801_194017,4165625,2143,-15
20260801_194017,4165625,2144,17
20260801_194017,4165625,2145,-25
20260801_194017,4165625,2390,0
20260801_194017,4167008,1968,9
20260801_194017,4167008,1969,6
20260801_194017,4167008,1970,27
20260801_194017,4167008,1971,18
20260801_194017,4167008,4056,0
20260801_194017,4167008,1985,3
20260801_194017,4167008,1986,-30
20260801_194017,4167008,1988,23
20260801_194017,4167008,4067,-2
20260801_194017,4167008,4065,-28
20260801_194017,4167008,4063,23
20260801_194017,4167008,3880,-18
20260801_194017,4167008,3662,-23
20260801_194017,4167008,4003,0
20260801_194017,4167009,2434,11
20260801_194017,4167009,2435,-9
20260801_194017,4167009,2436,17
20260801_194017,4167009,2437,5
20260801_194017,4167009,2438,31
20260801_194017,4167009,2439,-1
20260801_194017,4167009,1943,-13
20260801_194017,4167009,1944,27
20260801_194017,4167009,1945,-16
20260801_194017,4167009,1946,11
20260801_194017,4167009,1947,-19
20260801_194017,4167009,1948,18
20260801_194017,4167009,1949,6
20260801_194017,4167009,1950,35
20260801_194017,4167009,1951,16
20260801_194017,4167009,1952,-3
20260801_194017,4167009,1954,11
20260801_194017,4167009,1955,-13
20260801_194017,4167009,1956,32
20260801_194017,4167009,1957,37
20260801_194017,4167009,4015,11
20260801_194017,4167009,1959,-3
20260801_194017,4167009,1960,-14
20260801_194017,4167009,1961,-8
20260801_194017,4167009,1962,36
20260801_194017,4167009,1963,5
20260801_194017,4167009,1964,37
20260801_194017,4167009,1965,27
20260801_194017,4167009,1966,11
20260801_194017,4167009,1968,24
20260801_194017,4167009,1969,9
20260801_194017,4167009,1970,38
20260801_194017,4167009,1971,29
20260801_194017,4167009,4056,11
20260801_194017,4167009,1985,14
20260801_194017,4167009,1986,-19
20260801_194017,4167009,1988,34
20260801_194017,4167009,4067,9
20260801_194017,4167009,4065,-17
20260801_194017,4167009,4063,34
20260801_194017,4167009,3880,-7
20260801_194017,4167009,3662,-12
20260801_194017,4167009,4003,11
20260801_194017,4165290,3491,0
20260801_194017,4165290,1047,16
20260801_194017,4165290,4107,16
20260801_194017,4165290,1563,7
20260801_194017,4165290,1565,-24
20260801_194017,4165290,1655,0
20260801_194017,4165290,1642,-18
20260801_194017,4165290,1647,-22
20260801_194017,4165290,1648,6
20260801_194017,4165290,1649,-23
20260801_194017,4165290,1650,11
20260801_194017,4165290,2478,0
20260801_194017,4167112,1264,0
20260801_194017,4167112,1123,-11
20260801_194017,4167112,2515,22
20260801_194017,4167112,2516,-16
20260801_194017,4167112,2530,-23
20260801_194017,4167112,2518,-20
20260801_194017,4167112,2519,17
20260801_194017,4167112,1078,0
20260801_194017,4167111,1264,0
20260801_194017,4167111,1123,-11
20260801_194017,4167111,2515,22
20260801_194017,4167111,2516,-16
20260801_194017,4167111,2530,-23
20260801_194017,4167111,2518,-20
20260801_194017,4167111,2519,17
20260801_194017,4167111,1078,0
20260801_194017,4168684,3996,0
20260801_194017,4168684,3997,-29
20260801_194017,4168684,3601,15
20260801_194017,4168684,3614,-18
20260801_194017,4168684,3615,11
20260801_194017,4168684,3616,-3
20260801_194017,4168684,3617,27
20260801_194017,4168684,3624,0
20260801_194017,4168684,2048,-20
20260801_194017,4168684,2049,12
20260801_194017,4168684,2050,5
20260801_194017,4168684,2051,0
20260801_194017,4168684,3801,-20
20260801_194017,4168684,3641,12
20260801_194017,4168684,1731,4
20260801_194017,4168684,1732,0
20260801_194017,4168209,3493,219
20260801_194017,4168209,1854,202
20260801_194017,4168209,1855,240
20260801_194017,4168209,1856,231
20260801_194017,4168209,1857,215
20260801_194017,4168209,1858,200
20260801_194017,4168209,1860,198
20260801_194017,4168209,1861,246
20260801_194017,4168209,3608,192
20260801_194017,4168209,1862,219
20260801_194017,4168209,1863,191
20260801_194017,4168209,2061,146
20260801_194017,4168209,2062,146
20260801_194017,4168209,2063,113
20260801_194017,4168209,2064,135
20260801_194017,4168209,3667,156
20260801_194017,4168209,3668,130
20260801_194017,4168209,2065,128
20260801_194017,4168209,2066,102
20260801_194017,4168209,3190,132
20260801_194017,4168209,3191,142
20260801_194017,4168209,3192,128
20260801_194017,4168209,3193,104
20260801_194017,4168209,3194,139
20260801_194017,4168209,3195,141
20260801_194017,4168209,3196,118
20260801_194017,4168209,3197,101
20260801_194017,4168209,3909,128
20260801_194017,4168209,3910,124
20260801_194017,4168209,3911,141
20260801_194017,4168209,3912,140
20260801_194017,4168209,3913,128
20260801_194017,4168209,3914,130
20260801_194017,4168209,2772,114
20260801_194017,4168209,2773,147
20260801_194017,4168209,2774,117
20260801_194017,4168209,2775,109
20260801_194017,4168209,4053,103
20260801_194017,4168209,2778,99
20260801_194017,4168209,2779,136
20260801_194017,4168209,2780,126
20260801_194017,4168209,1090,128
20260801_194017,4168209,3943,101
20260801_194017,4168209,3945,111
20260801_194017,4168209,2783,150
20260801_194017,4168209,3620,146
20260801_194017,4168209,2785,128
20260801_194017,4166029,1065,0
20260801_194017,4166029,4182,12
20260801_194017,4166029,1318,-3
20260801_194017,4166029,1011,-13
20260801_194017,4166029,4170,0
20260801_194017,4166029,4171,-16
20260801_194017,4166029,1367,-29
20260801_194017,4166029,1368,20
20260801_194017,4166029,1369,4
20260801_194017,4166029,1355,-27
20260801_194017,4166029,1370,23
20260801_194017,4166029,4172,12
20260801_194017,4166029,4173,0
20260801_194017,4166028,1065,0
20260801_194017,4166028,4182,12
20260801_194017,4166028,1318,-3
20260801_194017,4166028,1011,-13
20260801_194017,4166028,4170,0
20260801_194017,4166028,4171,-16
20260801_194017,4166028,1367,-29
20260801_194017,4166028,1368,20
20260801_194017,4166028,1369,4
20260801_194017,4166028,1355,-27
20260801_194017,4166028,1370,23
20260801_194017,4166028,4172,12
20260801_194017,4166028,4173,0
20260801_194017,4166027,4170,238
20260801_194017,4166027,4171,222
20260801_194017,4166027,1367,209
20260801_194017,4166027,1368,258
20260801_194017,4166027,1369,242
20260801_194017,4166027,1355,211
20260801_194017,4166027,1370,261
20260801_194017,4166027,4172,218
20260801_194017,4166027,4173,206
20260801_194017,4165616,2390,0
20260801_194017,4165616,2391,-8
20260801_194017,4165616,2392,-4
20260801_194017,4165616,2254,-28
20260801_194017,4165616,2255,0
20260801_194017,4165616,2256,-27
20260801_194017,4165616,2257,13
20260801_194017,4165616,2641,-7
20260801_194017,4165616,2642,-12
20260801_194017,4165616,2643,-24
20260801_194017,4165616,2644,0
20260801_194017,4165616,2155,26
20260801_194017,4165616,2156,9
20260801_194017,4165616,2157,4
20260801_194017,4165616,2158,-23
20260801_194017,4165616,2159,-18
20260801_194017,4165616,1520,0
20260801_194017,4165858,4189,-55
20260801_194017,4165858,4190,-60
20260801_194017,4165858,4191,-19
20260801_194017,4165858,4192,20
20260801_194017,4165858,1371,1
20260801_194017,4165858,1372,-26
20260801_194017,4165858,1373,26
20260801_194017,4165858,1374,26
20260801_194017,4165858,1356,-23
20260801_194017,4165858,1357,0
20260801_194017,4165858,4093,-2
20260801_194017,4165858,1279,-14
20260801_194017,4165858,1318,-15
20260801_194017,4165858,1319,22
20260801_194017,4165858,4146,-12
20260801_194017,4165858,1320,20
20260801_194017,4165858,1063,0
20260801_194017,4166947,1126,125
20260801_194017,4166947,2810,101
20260801_194017,4166947,4042,83
20260801_194017,4166947,1920,79
20260801_194017,4166947,4008,117
20260801_194017,4166947,4051,125
20260801_194017,4166947,4038,99
20260801_194017,4166947,4036,111
20260801_194017,4166947,4035,138
20260801_194017,4166947,3784,106
20260801_194017,4166947,3679,139
20260801_194017,4166947,3680,128
20260801_194017,4166947,4032,125
20260801_194017,4166947,4030,96
20260801_194017,4166947,1941,109
20260801_194017,4166947,1942,125
20260801_194017,4166947,1943,105
20260801_194017,4166947,1944,100
20260801_194017,4166947,1945,125
20260801_194017,4166947,5155,109
20260801_194017,4166947,2444,138
20260801_194017,4166947,2445,151
20260801_194017,4166947,2447,132
20260801_194017,4166947,2448,95
20260801_194017,4166947,2449,125
20260801_194017,4166947,3744,97
20260801_194017,4166947,2539,111
20260801_194017,4166947,1474,125
20260801_194017,4166947,1273,147
20260801_194017,4166947,2713,125
20260801_194017,4166947,2715,149
20260801_194017,4166947,2716,152
20260801_194017,4166947,3618,125
20260801_194017,4166947,2718,106
20260801_194017,4166947,2719,136
20260801_194017,4166947,2721,112
20260801_194017,4166947,2722,97
20260801_194017,4166947,2724,100
20260801_194017,4166947,2725,130
20260801_194017,4166947,2115,116
20260801_194017,4166947,1463,125
20260801_194017,4166947,2730,142
20260801_194017,4166947,2731,129
20260801_194017,4166947,2732,101
20260801_194017,4166947,2733,142
20260801_194017,4166947,2734,119
20260801_194017,4166947,2594,106
20260801_194017,4166947,2595,133
20260801_194017,4166947,3495,125
20260801_194017,4166946,2445,191
20260801_194017,4166946,2447,190
20260801_194017,4166946,2448,153
20260801_194017,4166946,2449,183
20260801_194017,4166946,3744,137
20260801_194017,4166946,2539,151
20260801_194017,4166946,1474,183
20260801_194017,4166946,1273,205
20260801_194017,4166946,2713,111
20260801_194017,4166946,2715,135
20260801_194017,4166946,2716,138
20260801_194017,4166946,3618,111
20260801_194017,4166946,2718,92
20260801_194017,4166946,2719,122
20260801_194017,4166946,2721,98
20260801_194017,4166946,2722,83
20260801_194017,4166946,2724,86
20260801_194017,4166946,2725,116
20260801_194017,4166946,2115,102
20260801_194017,4166946,1463,111
20260801_194017,4166946,2730,128
20260801_194017,4166946,2731,115
20260801_194017,4166946,2732,87
20260801_194017,4166946,2733,128
20260801_194017,4166946,2734,105
20260801_194017,4166946,2594,92
20260801_194017,4166946,2595,119
20260801_194017,4166946,3495,111
20260801_194017,4168206,1090,31
20260801_194017,4168206,3943,-31
20260801_194017,4168206,3945,40
20260801_194017,4168206,2783,40
20260801_194017,4168206,3620,87
20260801_194017,4168206,2785,27
20260801_194017,4166945,3618,1233
20260801_194017,4166945,2718,1228
20260801_194017,4166945,2719,1258
20260801_194017,4166945,2721,1234
20260801_194017,4166945,2722,1219
20260801_194017,4166945,2724,1203
20260801_194017,4166945,2725,1252
20260801_194017,4166945,2115,1194
20260801_194017,4166945,1463,1203
20260801_194017,4166945,2730,1245
20260801_194017,4166945,2731,1232
20260801_194017,4166945,2732,1204
20260801_194017,4166945,2733,1245
20260801_194017,4166945,2734,1222
20260801_194017,4166945,2594,1209
20260801_194017,4166945,2595,1236
20260801_194017,4166945,3495,1228
20260801_194017,4168207,3608,123
20260801_194017,4168207,1862,150
20260801_194017,4168207,1863,76
20260801_194017,4168207,2061,122
20260801_194017,4168207,2062,122
20260801_194017,4168207,2063,89
20260801_194017,4168207,2064,141
20260801_194017,4168207,3667,132
20260801_194017,4168207,3668,106
20260801_194017,4168207,2065,104
20260801_194017,4168207,2066,78
20260801_194017,4168207,3190,108
20260801_194017,4168207,3191,118
20260801_194017,4168207,3192,104
20260801_194017,4168207,3193,80
20260801_194017,4168207,3194,115
20260801_194017,4168207,3195,117
20260801_194017,4168207,3196,94
20260801_194017,4168207,3197,77
20260801_194017,4168207,3909,104
20260801_194017,4168207,3910,145
20260801_194017,4168207,3911,162
20260801_194017,4168207,3912,161
20260801_194017,4168207,3913,149
20260801_194017,4168207,3914,151
20260801_194017,4168207,2772,135
20260801_194017,4168207,2773,168
20260801_194017,4168207,2774,138
20260801_194017,4168207,2775,130
20260801_194017,4168207,4053,124
20260801_194017,4168207,2778,120
20260801_194017,4168207,2779,157
20260801_194017,4168207,2780,147
20260801_194017,4168207,1090,149
20260801_194017,4168207,3943,122
20260801_194017,4168207,3945,132
20260801_194017,4168207,2783,171
20260801_194017,4168207,3620,167
20260801_194017,4168207,2785,149
20260801_194017,4168208,3493,92
20260801_194017,4168208,1854,75
20260801_194017,4168208,1855,113
20260801_194017,4168208,1856,104
20260801_194017,4168208,1857,88
20260801_194017,4168208,1858,73
20260801_194017,4168208,1860,71
20260801_194017,4168208,1861,119
20260801_194017,4168208,3608,65
20260801_194017,4168208,1862,92
20260801_194017,4168208,1863,-5
20260801_194017,4168208,2061,41
20260801_194017,4168208,2062,41
20260801_194017,4168208,2063,8
20260801_194017,4168208,2064,30
20260801_194017,4168208,3667,51
20260801_194017,4168208,3668,25
20260801_194017,4168208,2065,23
20260801_194017,4168208,2066,-3
20260801_194017,4168208,3190,27
20260801_194017,4168208,3191,37
20260801_194017,4168208,3192,23
20260801_194017,4168208,3193,-1
20260801_194017,4168208,3194,34
20260801_194017,4168208,3195,36
20260801_194017,4168208,3196,13
20260801_194017,4168208,3197,-4
20260801_194017,4168208,3909,23
20260801_194017,4168208,3910,19
20260801_194017,4168208,3911,36
20260801_194017,4168208,3912,35
20260801_194017,4168208,3913,23
20260801_194017,4168208,3914,25
20260801_194017,4168208,2772,9
20260801_194017,4168208,2773,42
20260801_194017,4168208,2774,12
20260801_194017,4168208,2775,4
20260801_194017,4168208,4053,-2
20260801_194017,4168208,2778,-6
20260801_194017,4168208,2779,31
20260801_194017,4168208,2780,21
20260801_194017,4168208,1090,23
20260801_194017,4168208,3943,-4
20260801_194017,4168208,3945,6
20260801_194017,4168208,2783,45
20260801_194017,4168208,3620,41
20260801_194017,4168208,2785,23
20260801_194017,4165837,1063,0
20260801_194017,4165837,4147,8
20260801_194017,4165837,1275,25
20260801_194017,4165837,1011,0
20260801_194017,4165837,4170,0
20260801_194017,4165837,1345,-3
20260801_194017,4165837,1346,-20
20260801_194017,4165837,1347,-30
20260801_194017,4165837,1348,14
20260801_194017,4165837,1349,-8
20260801_194017,4165837,4041,-17
20260801_194017,4165837,1350,15
20260801_194017,4165837,3394,0
20260801_194017,4165837,3396,0
20260801_194017,4165837,3397,-5
20260801_194017,4165837,4184,-27
20260801_194017,4165837,4185,-29
20260801_194017,4165837,4186,0
20260801_194017,4166132,1516,0
20260801_194017,4166132,1605,-13
20260801_194017,4166132,1606,-17
20260801_194017,4166132,1608,0
20260801_194017,4166132,2098,-7
20260801_194017,4166132,4134,27
20260801_194017,4166132,4135,9
20260801_194017,4166132,4136,28
20260801_194017,4166132,4137,22
20260801_194017,4166132,4138,0
20260801_194017,4166132,4139,-28
20260801_194017,4166132,4140,15
20260801_194017,4166132,4141,-28
20260801_194017,4166132,4142,14
20260801_194017,4166132,4143,4
20260801_194017,4166132,4144,0
20260801_194017,4166132,3660,-27
20260801_194017,4166132,1543,1
20260801_194017,4166132,1351,-12
20260801_194017,4166132,1353,26
20260801_194017,4166132,4146,1
20260801_194017,4166132,1320,-29
20260801_194017,4166132,1066,0
20260801_194017,4168553,1307,0
20260801_194017,4168553,1308,28
20260801_194017,4168553,1250,25
20260801_194017,4168553,1251,15
20260801_194017,4168553,1252,0
20260801_194017,4168553,1278,0
20260801_194017,4168553,1456,6
20260801_194017,4168553,1457,-15
20260801_194017,4168553,6023,0
20260801_194017,4168553,1459,-6
20260801_194017,4168553,1486,17
20260801_194017,4168553,1426,-1
20260801_194017,4168553,1427,9
20260801_194017,4168553,6020,0
20260801_194017,4168553,4158,-20
20260801_194017,4168553,6021,20
20260801_194017,4168553,3539,-2
20260801_194017,4168553,1460,-28
20260801_194017,4168553,1461,-4
20260801_194017,4168553,1462,-18
20260801_194017,4168553,6022,-17
20260801_194017,4168553,1464,-7
20260801_194017,4168553,1465,-29
20260801_194017,4168553,1466,7
20260801_194017,4168553,1467,-4
20260801_194017,4168553,1512,0
20260801_194017,4166131,1516,0
20260801_194017,4166131,1605,-13
20260801_194017,4166131,1606,-17
20260801_194017,4166131,1608,0
20260801_194017,4166131,2098,-7
20260801_194017,4166131,4134,27
20260801_194017,4166131,4135,9
20260801_194017,4166131,4136,28
20260801_194017,4166131,4137,22
20260801_194017,4166131,4138,0
20260801_194017,4166131,4139,-28
20260801_194017,4166131,4140,15
20260801_194017,4166131,4141,-28
20260801_194017,4166131,4142,14
20260801_194017,4166131,4143,4
20260801_194017,4166131,4144,0
20260801_194017,4166131,3660,-27
20260801_194017,4166131,1543,1
20260801_194017,4166131,1351,-12
20260801_194017,4166131,1353,26
20260801_194017,4166131,4146,1
20260801_194017,4166131,1320,-29
20260801_194017,4166131,1066,0
20260801_194017,4168554,1278,267
20260801_194017,4168554,1456,6
20260801_194017,4168554,1457,-15
20260801_194017,4168554,6023,0
20260801_194017,4168554,1459,-6
20260801_194017,4168554,1486,17
20260801_194017,4168554,1426,-1
20260801_194017,4168554,1427,9
20260801_194017,4168554,6020,0
20260801_194017,4168554,4158,-20
20260801_194017,4168554,6021,20
20260801_194017,4168554,3539,-2
20260801_194017,4168554,1460,-28
20260801_194017,4168554,1461,-4
20260801_194017,4168554,1462,-18
20260801_194017,4168554,6022,-17
20260801_194017,4168554,1464,-7
20260801_194017,4168554,1465,-29
20260801_194017,4168554,1466,7
20260801_194017,4168554,1467,-4
20260801_194017,4168554,1512,0
20260801_194017,4168555,1466,-29
20260801_194017,4168555,1467,-53
20260801_194017,4168555,1512,-59
20260801_194017,4165289,3491,0
20260801_194017,4165289,1047,16
20260801_194017,4165289,4107,16
20260801_194017,4165289,1563,7
20260801_194017,4165289,1565,-24
20260801_194017,4165289,1655,0
20260801_194017,4165289,1642,-18
20260801_194017,4165289,1647,-22
20260801_194017,4165289,1648,6
20260801_194017,4165289,1649,-23
20260801_194017,4165289,1650,11
20260801_194017,4165289,2478,0
20260801_194017,4166499,1065,0
20260801_194017,4166499,1318,-4
20260801_194017,4166499,1319,-24
20260801_194017,4166499,1544,-12
20260801_194017,4166499,1546,8
20260801_194017,4166499,1547,-17
20260801_194017,4166499,1549,2
20260801_194017,4166499,1550,0
20260801_194017,4166499,2107,0
20260801_194017,4166499,1258,-7
20260801_194017,4166499,1259,-24
20260801_194017,4166499,1281,25
20260801_194017,4166499,1299,0
20260801_194017,4166499,1300,22
20260801_194017,4166499,1291,0
20260801_194017,4166499,4100,-22
20260801_194017,4166499,4102,22
20260801_194017,4166499,1020,-17
20260801_194017,4166499,3649,26
20260801_194017,4166499,1035,7
20260801_194017,4166499,3531,16
20260801_194017,4166499,2318,-20
20260801_194017,4166499,1572,0
20260801_194017,4166498,1549,-77
20260801_194017,4166498,1550,-95
20260801_194017,4166498,2107,0
20260801_194017,4166498,1258,-7
20260801_194017,4166498,1259,-24
20260801_194017,4166498,1281,25
20260801_194017,4166498,1299,0
20260801_194017,4166498,1300,22
20260801_194017,4166498,1291,0
20260801_194017,4166498,4100,-22
20260801_194017,4166498,4102,22
20260801_194017,4166498,1020,-17
20260801_194017,4166498,3649,26
20260801_194017,4166498,1035,7
20260801_194017,4166498,3531,16
20260801_194017,4166498,2318,-20
20260801_194017,4166498,1572,0
20260801_194017,4167340,2942,24
20260801_194017,4167340,2943,-13
20260801_194017,4167340,2944,25
20260801_194017,4167340,2305,-3
20260801_194017,4167340,2306,-1
20260801_194017,4167340,2307,3
20260801_194017,4167340,2952,-6
20260801_194017,4167340,2953,0
20260801_194017,4167340,2954,-10
20260801_194017,4167340,2955,-14
20260801_194017,4167340,2956,22
20260801_194017,4167340,2958,-20
20260801_194017,4167340,2959,15
20260801_194017,4167340,2960,-17
20260801_194017,4167340,2961,5
20260801_194017,4167340,2962,19
20260801_194017,4167340,2963,5
20260801_194017,4167340,1672,0
20260801_194017,4167341,1463,0
20260801_194017,4167341,1033,-13
20260801_194017,4167341,2086,29
20260801_194017,4167341,3028,6
20260801_194017,4167341,1663,9
20260801_194017,4167341,3035,-2
20260801_194017,4167341,1666,9
20260801_194017,4167341,2885,0
20260801_194017,4167341,2942,11
20260801_194017,4167341,2943,-13
20260801_194017,4167341,2944,25
20260801_194017,4167341,2305,-3
20260801_194017,4167341,2306,-1
20260801_194017,4167341,2307,3
20260801_194017,4167341,2952,-6
20260801_194017,4167341,2953,0
20260801_194017,4167341,2954,-10
20260801_194017,4167341,2955,-14
20260801_194017,4167341,2956,22
20260801_194017,4167341,2958,-20
20260801_194017,4167341,2959,15
20260801_194017,4167341,2960,-17
20260801_194017,4167341,2961,5
20260801_194017,4167341,2962,19
20260801_194017,4167341,2963,5
20260801_194017,4167341,1672,0
20260801_194017,4168672,3801,-51
20260801_194017,4168672,3641,14
20260801_194017,4168672,1731,6
20260801_194017,4168672,1732,22
20260801_194017,4167342,1463,0
20260801_194017,4167342,1033,-13
20260801_194017,4167342,2086,29
20260801_194017,4167342,3028,6
20260801_194017,4167342,1663,9
20260801_194017,4167342,3035,-2
20260801_194017,4167342,1666,9
20260801_194017,4167342,2885,0
20260801_194017,4167342,2942,11
20260801_194017,4167342,2943,-13
20260801_194017,4167342,2944,25
20260801_194017,4167342,2305,-3
20260801_194017,4167342,2306,-1
20260801_194017,4167342,2307,3
20260801_194017,4167342,2952,-6
20260801_194017,4167342,2953,0
20260801_194017,4167342,2954,-10
20260801_194017,4167342,2955,-14
20260801_194017,4167342,2956,22
20260801_194017,4167342,2958,-20
20260801_194017,4167342,2959,15
20260801_194017,4167342,2960,-17
20260801_194017,4167342,2961,5
20260801_194017,4167342,2962,19
20260801_194017,4167342,2963,5
20260801_194017,4167342,1672,0
20260801_194017,4168552,1307,0
20260801_194017,4168552,1308,28
20260801_194017,4168552,1250,25
20260801_194017,4168552,1251,15
20260801_194017,4168552,1252,0
20260801_194017,4168552,1278,0
20260801_194017,4168552,1456,6
20260801_194017,4168552,1457,-15
20260801_194017,4168552,6023,0
20260801_194017,4168552,1459,-6
20260801_194017,4168552,1486,17
20260801_194017,4168552,1426,-1
20260801_194017,4168552,1427,9
20260801_194017,4168552,6020,0
20260801_194017,4168552,4158,-20
20260801_194017,4168552,6021,20
20260801_194017,4168552,3539,-2
20260801_194017,4168552,1460,-28
20260801_194017,4168552,1461,-4
20260801_194017,4168552,1462,-18
20260801_194017,4168552,6022,-17
20260801_194017,4168552,1464,-7
20260801_194017,4168552,1465,-29
20260801_194017,4168552,1466,7
20260801_194017,4168552,1467,-4
20260801_194017,4168552,1512,0
20260801_194017,4168673,3996,0
20260801_194017,4168673,3997,-29
20260801_194017,4168673,3601,15
20260801_194017,4168673,3614,-18
20260801_194017,4168673,3615,11
20260801_194017,4168673,3616,-3
20260801_194017,4168673,3617,27
20260801_194017,4168673,3624,0
20260801_194017,4168673,2048,-20
20260801_194017,4168673,2049,12
20260801_194017,4168673,2050,5
20260801_194017,4168673,2051,0
20260801_194017,4168673,3801,-20
20260801_194017,4168673,3641,12
20260801_194017,4168673,1731,4
20260801_194017,4168673,1732,0
20260801_194017,4165601,4023,0
20260801_194017,4165601,1214,2
20260801_194017,4165601,4019,21
20260801_194017,4165601,4021,24
20260801_194017,4165601,4018,14
20260801_194017,4165601,4012,-6
20260801_194017,4165601,4013,-18
20260801_194017,4165601,4024,22
20260801_194017,4165601,4025,14
20260801_194017,4165601,1116,0
20260801_194017,4165601,1117,-12
20260801_194017,4165601,1119,16
20260801_194017,4165601,1120,25
20260801_194017,4165601,3899,18
20260801_194017,4165601,1223,0
20260801_194017,4165601,3887,21
20260801_194017,4165601,2522,28
20260801_194017,4165601,2523,6
20260801_194017,4165601,5156,10
20260801_194017,4165601,2526,0
20260801_194017,4165601,3773,-26
20260801_194017,4165601,3747,9
20260801_194017,4165601,3622,-12
20260801_194017,4165601,3748,-30
20260801_194017,4165601,2817,-31
20260801_194017,4165601,3677,-5
20260801_194017,4165601,2819,-27
20260801_194017,4165601,3749,0
20260801_194017,4165601,1925,-16
20260801_194017,4165601,1926,-26
20260801_194017,4165601,1927,19
20260801_194017,4165601,1928,2
20260801_194017,4165601,1929,-28
20260801_194017,4165601,3598,29
20260801_194017,4165601,3599,-15
20260801_194017,4165601,3443,-22
20260801_194017,4165601,1121,26
20260801_194017,4165601,4016,24
20260801_194017,4165601,4050,0
20260801_194017,4165601,3757,-16
20260801_194017,4165601,3758,13
20260801_194017,4165601,3759,2
20260801_194017,4165601,2067,-8
20260801_194017,4165601,1204,-18
20260801_194017,4165601,3393,-28
20260801_194017,4165601,4005,0
20260801_194017,4165600,4023,317
20260801_194017,4165600,1214,319
20260801_194017,4165600,4019,273
20260801_194017,4165600,4021,276
20260801_194017,4165600,4018,266
20260801_194017,4165600,4012,246
20260801_194017,4165600,4013,234
20260801_194017,4165600,4024,274
20260801_194017,4165600,4025,266
20260801_194017,4165600,1116,252
20260801_194017,4165600,1117,240
20260801_194017,4165600,1119,268
20260801_194017,4165600,1120,277
20260801_194017,4165600,3899,270
20260801_194017,4165600,1223,252
20260801_194017,4165600,3887,153
20260801_194017,4165600,2522,160
20260801_194017,4165600,2523,138
20260801_194017,4165600,5156,142
20260801_194017,4165600,2526,132
20260801_194017,4165600,3773,106
20260801_194017,4165600,3747,141
20260801_194017,4165600,3622,120
20260801_194017,4165600,3748,102
20260801_194017,4165600,2817,101
20260801_194017,4165600,3677,127
20260801_194017,4165600,2819,105
20260801_194017,4165600,3749,132
20260801_194017,4165600,1925,116
20260801_194017,4165600,1926,106
20260801_194017,4165600,1927,151
20260801_194017,4165600,1928,134
20260801_194017,4165600,1929,104
20260801_194017,4165600,3598,161
20260801_194017,4165600,3599,117
20260801_194017,4165600,3443,110
20260801_194017,4165600,1121,158
20260801_194017,4165600,4016,156
20260801_194017,4165600,4050,132
20260801_194017,4165600,3757,116
20260801_194017,4165600,3758,145
20260801_194017,4165600,3759,134
20260801_194017,4165600,2067,124
20260801_194017,4165600,1204,114
20260801_194017,4165600,3393,104
20260801_194017,4165600,4005,132
20260801_194017,4168315,1743,86
20260801_194017,4168315,1744,71
20260801_194017,4168315,1746,49
20260801_194017,4168315,1747,49
20260801_194017,4168315,1748,44
20260801_194017,4168315,1755,42
20260801_194017,4168315,1756,66
20260801_194017,4168315,1757,75
20260801_194017,4168315,1758,62
20260801_194017,4168315,1760,-5
20260801_194017,4168315,1761,28
20260801_194017,4168315,1762,12
20260801_194017,4168315,1763,-16
20260801_194017,4168315,1764,13
20260801_194017,4168315,3489,0
20260801_194017,4168316,1732,0
20260801_194017,4168316,1734,-16
20260801_194017,4168316,1735,-24
20260801_194017,4168316,1736,7
20260801_194017,4168316,1737,-28
20260801_194017,4168316,1738,5
20260801_194017,4168316,1739,-11
20260801_194017,4168316,1740,1
20260801_194017,4168316,1742,-3
20260801_194017,4168316,1743,26
20260801_194017,4168316,1744,0
20260801_194017,4168316,1746,-17
20260801_194017,4168316,1747,-17
20260801_194017,4168316,1748,-22
20260801_194017,4168316,1755,-24
20260801_194017,4168316,1756,0
20260801_194017,4168316,1757,15
20260801_194017,4168316,1758,2
20260801_194017,4168316,1760,-5
20260801_194017,4168316,1761,28
20260801_194017,4168316,1762,12
20260801_194017,4168316,1763,-16
20260801_194017,4168316,1764,13
20260801_194017,4168316,3489,0
20260801_194017,4168317,1732,0
20260801_194017,4168317,1734,-16
20260801_194017,4168317,1735,-24
20260801_194017,4168317,1736,7
20260801_194017,4168317,1737,-28
20260801_194017,4168317,1738,5
20260801_194017,4168317,1739,-11
20260801_194017,4168317,1740,1
20260801_194017,4168317,1742,-3
20260801_194017,4168317,1743,26
20260801_194017,4168317,1744,0
20260801_194017,4168317,1746,-17
20260801_194017,4168317,1747,-17
20260801_194017,4168317,1748,-22
20260801_194017,4168317,1755,-24
20260801_194017,4168317,1756,0
20260801_194017,4168317,1757,15
20260801_194017,4168317,1758,2
20260801_194017,4168317,1760,-5
20260801_194017,4168317,1761,28
20260801_194017,4168317,1762,12
20260801_194017,4168317,1763,-16
20260801_194017,4168317,1764,13
20260801_194017,4168317,3489,0
20260801_194017,4165709,6107,11
20260801_194017,4165709,6024,12
20260801_194017,4167211,3464,298
20260801_194017,4167211,3149,280
20260801_194017,4167211,3150,319
20260801_194017,4167211,3151,299
20260801_194017,4167211,3153,281
20260801_194017,4167211,5158,293
20260801_194017,4167211,3631,297
20260801_194017,4167211,2780,274
20260801_194017,4167211,1090,273
20260801_194017,4167211,3943,225
20260801_194017,4167211,3945,235
20260801_194017,4167211,2783,274
20260801_194017,4167211,3620,270
20260801_194017,4167211,2785,252
20260801_194017,4167211,2786,231
20260801_194017,4167211,2787,222
20260801_194017,4167211,2833,255
20260801_194017,4167211,4058,252
20260801_194017,4167211,4059,262
20260801_194017,4167211,4061,229
20260801_194017,4167211,2793,227
20260801_194017,4167211,2794,279
20260801_194017,4167211,2795,252
20260801_194017,4167211,3672,252
20260801_194017,4167211,3673,253
20260801_194017,4167211,3674,269
20260801_194017,4167211,2821,262
20260801_194017,4167211,3676,238
20260801_194017,4167211,2803,279
20260801_194017,4167211,2804,252
20260801_194017,4167211,2806,250
20260801_194017,4167211,2807,272
20260801_194017,4167211,2808,241
20260801_194017,4167211,3882,273
20260801_194017,4167211,1129,252
20260801_194017,4167212,4003,0
20260801_194017,4167212,1040,-5
20260801_194017,4167212,1037,-12
20260801_194017,4167212,3903,-21
20260801_194017,4167212,3905,0
20260801_194017,4167212,3689,-28
20260801_194017,4167212,3690,-27
20260801_194017,4167212,3691,-1
20260801_194017,4167212,3692,-12
20260801_194017,4167212,3693,10
20260801_194017,4167212,3694,-16
20260801_194017,4167212,3695,26
20260801_194017,4167212,3463,4
20260801_194017,4167212,3464,0
20260801_194017,4167212,3149,-18
20260801_194017,4167212,3150,21
20260801_194017,4167212,3151,1
20260801_194017,4167212,3153,8
20260801_194017,4167212,5158,20
20260801_194017,4167212,3631,24
20260801_194017,4167212,2780,1
20260801_194017,4167212,1090,0
20260801_194017,4167212,3943,-27
20260801_194017,4167212,3945,-17
20260801_194017,4167212,2783,22
20260801_194017,4167212,3620,18
20260801_194017,4167212,2785,0
20260801_194017,4167212,2786,-21
20260801_194017,4167212,2787,-30
20260801_194017,4167212,2833,3
20260801_194017,4167212,4058,0
20260801_194017,4167212,4059,10
20260801_194017,4167212,4061,-23
20260801_194017,4167212,2793,-25
20260801_194017,4167212,2794,27
20260801_194017,4167212,2795,0
20260801_194017,4167212,3672,0
20260801_194017,4167212,3673,1
20260801_194017,4167212,3674,17
20260801_194017,4167212,2821,10
20260801_194017,4167212,3676,-14
20260801_194017,4167212,2803,27
20260801_194017,4167212,2804,0
20260801_194017,4167212,2806,-2
20260801_194017,4167212,2807,20
20260801_194017,4167212,2808,-11
20260801_194017,4167212,3882,21
20260801_194017,4167212,1129,0
20260801_194017,4168422,4125,99
20260801_194017,4168422,4126,138
20260801_194017,4168422,4127,115
20260801_194017,4168422,4128,119
20260801_194017,4168422,4129,112
20260801_194017,4168422,1031,141
20260801_194017,4168422,4130,116
20260801_194017,4168422,1529,100
20260801_194017,4168422,1530,83
20260801_194017,4168422,4131,118
20260801_194017,4168422,1538,112
20260801_194017,4168422,2652,84
20260801_194017,4168422,1539,114
20260801_194017,4168422,1540,107
20260801_194017,4168422,1541,141
20260801_194017,4168422,4145,112
20260801_194017,4168422,3660,107
20260801_194017,4168422,1543,137
20260801_194017,4168422,1351,131
20260801_194017,4168422,1353,112
20260801_194017,4168422,4146,99
20260801_194017,4168422,1320,133
20260801_194017,4168422,1066,112
20260801_194017,4167213,4003,0
20260801_194017,4167213,1040,-5
20260801_194017,4167213,1037,-12
20260801_194017,4167213,3903,-21
20260801_194017,4167213,3905,0
20260801_194017,4167213,3689,-28
20260801_194017,4167213,3690,-27
20260801_194017,4167213,3691,-1
20260801_194017,4167213,3692,-12
20260801_194017,4167213,3693,10
20260801_194017,4167213,3694,-16
20260801_194017,4167213,3695,26
20260801_194017,4167213,3463,4
20260801_194017,4167213,3464,0
20260801_194017,4167213,3149,-18
20260801_194017,4167213,3150,21
20260801_194017,4167213,3151,1
20260801_194017,4167213,3153,8
20260801_194017,4167213,5158,20
20260801_194017,4167213,3631,24
20260801_194017,4167213,2780,1
20260801_194017,4167213,1090,0
20260801_194017,4167213,3943,-27
20260801_194017,4167213,3945,-17
20260801_194017,4167213,2783,22
20260801_194017,4167213,3620,18
20260801_194017,4167213,2785,0
20260801_194017,4167213,2786,-21
20260801_194017,4167213,2787,-30
20260801_194017,4167213,2833,3
20260801_194017,4167213,4058,0
20260801_194017,4167213,4059,10
20260801_194017,4167213,4061,-23
20260801_194017,4167213,2793,-25
20260801_194017,4167213,2794,27
20260801_194017,4167213,2795,0
20260801_194017,4167213,3672,0
20260801_194017,4167213,3673,1
20260801_194017,4167213,3674,17
20260801_194017,4167213,2821,10
20260801_194017,4167213,3676,-14
20260801_194017,4167213,2803,27
20260801_194017,4167213,2804,0
20260801_194017,4167213,2806,-2
20260801_194017,4167213,2807,20
20260801_194017,4167213,2808,-11
20260801_194017,4167213,3882,21
20260801_194017,4167213,1129,0
20260801_194017,4168423,1518,0
20260801_194017,4168423,1523,-2
20260801_194017,4168423,1524,-11
20260801_194017,4168423,1525,-22
20260801_194017,4168423,2269,15
20260801_194017,4168423,2270,-4
20260801_194017,4168423,4122,26
20260801_194017,4168423,4123,16
20260801_194017,4168423,4124,0
20260801_194017,4168423,4125,-18
20260801_194017,4168423,4126,21
20260801_194017,4168423,4127,-2
20260801_194017,4168423,4128,7
20260801_194017,4168423,4129,0
20260801_194017,4168423,1031,29
20260801_194017,4168423,4130,4
20260801_194017,4168423,1529,-12
20260801_194017,4168423,1530,-29
20260801_194017,4168423,4131,6
20260801_194017,4168423,1538,0
20260801_194017,4168423,2652,-28
20260801_194017,4168423,1539,2
20260801_194017,4168423,1540,-5
20260801_194017,4168423,1541,29
20260801_194017,4168423,4145,0
20260801_194017,4168423,3660,-5
20260801_194017,4168423,1543,25
20260801_194017,4168423,1351,19
20260801_194017,4168423,1353,0
20260801_194017,4168423,4146,-13
20260801_194017,4168423,1320,21
20260801_194017,4168423,1066,0
20260801_194017,4168424,1518,0
20260801_194017,4168424,1523,-2
20260801_194017,4168424,1524,-11
20260801_194017,4168424,1525,-22
20260801_194017,4168424,2269,15
20260801_194017,4168424,2270,-4
20260801_194017,4168424,4122,26
20260801_194017,4168424,4123,16
20260801_194017,4168424,4124,0
20260801_194017,4168424,4125,-18
20260801_194017,4168424,4126,21
20260801_194017,4168424,4127,-2
20260801_194017,4168424,4128,7
20260801_194017,4168424,4129,0
20260801_194017,4168424,1031,29
20260801_194017,4168424,4130,4
20260801_194017,4168424,1529,-12
20260801_194017,4168424,1530,-29
20260801_194017,4168424,4131,6
20260801_194017,4168424,1538,0
20260801_194017,4168424,2652,-28
20260801_194017,4168424,1539,2
20260801_194017,4168424,1540,-5
20260801_194017,4168424,1541,29
20260801_194017,4168424,4145,0
20260801_194017,4168424,3660,-5
20260801_194017,4168424,1543,25
20260801_194017,4168424,1351,19
20260801_194017,4168424,1353,0
20260801_194017,4168424,4146,-13
20260801_194017,4168424,1320,21
20260801_194017,4168424,1066,0
20260801_194017,4168660,1732,0
20260801_194017,4168660,1734,25
20260801_194017,4168660,1728,13
20260801_194017,4168660,3802,-17
20260801_194017,4168660,3990,0
20260801_194017,4168660,3991,-13
20260801_194017,4168660,3992,19
20260801_194017,4168660,3993,12
20260801_194017,4168660,3994,-6
20260801_194017,4168660,3995,-12
20260801_194017,4168660,3996,0
20260801_194017,4167210,1129,184
20260801_194017,4165711,6102,25
20260801_194017,4165711,6103,15
20260801_194017,4165711,6104,0
20260801_194017,4165711,6105,0
20260801_194017,4165711,6107,0
20260801_194017,4165711,6024,0
20260801_194017,4165710,6104,-42
20260801_194017,4165710,6105,0
20260801_194017,4165710,6107,0
20260801_194017,4165710,6024,0
20260801_194017,4165836,4147,8
20260801_194017,4165836,1275,25
20260801_194017,4165836,1011,0
20260801_194017,4165836,4170,0
20260801_194017,4165836,1345,-3
20260801_194017,4165836,1346,-20
20260801_194017,4165836,1347,-30
20260801_194017,4165836,1348,14
20260801_194017,4165836,1349,-8
20260801_194017,4165836,4041,-17
20260801_194017,4165836,1350,15
20260801_194017,4165836,3394,0
20260801_194017,4165836,3396,0
20260801_194017,4165836,3397,-5
20260801_194017,4165836,4184,-27
20260801_194017,4165836,4185,-29
20260801_194017,4165836,4186,0
20260801_194017,4165714,6101,0
20260801_194017,4165714,6102,25
20260801_194017,4165714,6103,15
20260801_194017,4165714,6104,0
20260801_194017,4165714,6105,0
20260801_194017,4165714,6107,0
20260801_194017,4165714,6024,0
20260801_194017,4165713,6101,0
20260801_194017,4165713,6102,25
20260801_194017,4165713,6103,15
20260801_194017,4165713,6104,0
20260801_194017,4165713,6105,0
20260801_194017,4165713,6107,0
20260801_194017,4165713,6024,0
20260801_194017,4165712,6101,0
20260801_194017,4165712,6102,25
20260801_194017,4165712,6103,15
20260801_194017,4165712,6104,0
20260801_194017,4165712,6105,0
20260801_194017,4165712,6107,0
20260801_194017,4165712,6024,0
20260801_194017,4166909,3756,703
20260801_194017,4166909,4009,716
20260801_194017,4166909,2088,688
20260801_194017,4166909,4043,726
20260801_194017,4166909,1212,703
20260801_194017,4166909,1126,706
20260801_194017,4168773,2250,0
20260801_194017,4168773,4105,6
20260801_194017,4168773,4106,-5
20260801_194017,4168773,2134,17
20260801_194017,4168773,2136,12
20260801_194017,4168773,2267,23
20260801_194017,4168773,3861,21
20260801_194017,4168773,3862,-17
20260801_194017,4168773,1515,0
20260801_194017,4168773,1605,-9
20260801_194017,4168773,1608,6
20260801_194017,4168773,1612,0
20260801_194017,4168773,1615,0
20260801_194017,4168773,1622,0
20260801_194017,4168773,1624,-27
20260801_194017,4168773,1455,-3
20260801_194017,4168773,1627,17
20260801_194017,4168773,1635,23
20260801_194017,4168773,1636,15
20260801_194017,4168773,1638,-17
20260801_194017,4168773,1590,0
20260801_194017,4168773,1640,6
20260801_194017,4168773,1043,-3
20260801_194017,4168773,3488,0
20260801_194017,4168774,2250,0
20260801_194017,4168774,4105,6
20260801_194017,4168774,4106,-5
20260801_194017,4168774,2134,17
20260801_194017,4168774,2136,12
20260801_194017,4168774,2267,23
20260801_194017,4168774,3861,21
20260801_194017,4168774,3862,-17
20260801_194017,4168774,1515,0
20260801_194017,4168774,1605,-9
20260801_194017,4168774,1608,6
20260801_194017,4168774,1612,0
20260801_194017,4168774,1615,0
20260801_194017,4168774,1622,0
20260801_194017,4168774,1624,-27
20260801_194017,4168774,1455,-3
20260801_194017,4168774,1627,17
20260801_194017,4168774,1635,23
20260801_194017,4168774,1636,15
20260801_194017,4168774,1638,-17
20260801_194017,4168774,1590,0
20260801_194017,4168774,1640,6
20260801_194017,4168774,1043,-3
20260801_194017,4168774,3488,0
20260801_194017,4165266,2478,0
20260801_194017,4165266,4244,-22
20260801_194017,4165266,1652,24
20260801_194017,4165266,1653,-13
20260801_194017,4165266,2479,23
20260801_194017,4165266,1656,24
20260801_194017,4165266,1657,0
20260801_194017,4165266,1658,1
20260801_194017,4165266,1659,-14
20260801_194017,4165266,1660,-17
20260801_194017,4165266,1042,27
20260801_194017,4165266,1044,-22
20260801_194017,4165266,3491,0
20260801_194017,4165265,2479,135
20260801_194017,4165265,1656,136
20260801_194017,4165265,1657,125
20260801_194017,4165265,1658,111
20260801_194017,4165265,1659,96
20260801_194017,4165265,1660,93
20260801_194017,4165265,1042,137
20260801_194017,4165265,1044,103
20260801_194017,4165265,3491,125
20260801_194017,4168771,1638,49
20260801_194017,4168771,1590,66
20260801_194017,4168771,1640,12
20260801_194017,4168771,1043,3
20260801_194017,4168771,3488,6
20260801_194017,4168530,3411,0
20260801_194017,4168530,1265,-5
20260801_194017,4168530,1266,2
20260801_194017,4168530,1267,-3
20260801_194017,4168530,1268,-30
20260801_194017,4168530,2106,3
20260801_194017,4168530,1484,-15
20260801_194017,4168530,1315,11
20260801_194017,4168530,1316,17
20260801_194017,4168530,1317,0
20260801_194017,4168530,1278,0
20260801_194017,4168530,1456,6
20260801_194017,4168530,1457,-15
20260801_194017,4168530,6023,0
20260801_194017,4168530,1459,-6
20260801_194017,4168530,1486,17
20260801_194017,4168530,1426,-1
20260801_194017,4168530,1427,9
20260801_194017,4168530,6020,0
20260801_194017,4168530,4158,-20
20260801_194017,4168530,6021,17
20260801_194017,4168530,3539,-6
20260801_194017,4168530,1460,28
20260801_194017,4168530,1461,-9
20260801_194017,4168530,1462,-25
20260801_194017,4168530,6022,-24
20260801_194017,4168530,1464,-16
20260801_194017,4168530,1465,19
20260801_194017,4168530,1466,-5
20260801_194017,4168530,1467,-17
20260801_194017,4168530,1511,0
20260801_194017,4168772,2136,213
20260801_194017,4168772,2267,224
20260801_194017,4168772,3861,222
20260801_194017,4168772,3862,161
20260801_194017,4168772,1515,194
20260801_194017,4168772,1605,-9
20260801_194017,4168772,1608,6
20260801_194017,4168772,1612,0
20260801_194017,4168772,1615,0
20260801_194017,4168772,1622,0
20260801_194017,4168772,1624,-27
20260801_194017,4168772,1455,-3
20260801_194017,4168772,1627,17
20260801_194017,4168772,1635,23
20260801_194017,4168772,1636,15
20260801_194017,4168772,1638,-17
20260801_194017,4168772,1590,0
20260801_194017,4168772,1640,6
20260801_194017,4168772,1043,-3
20260801_194017,4168772,3488,0
20260801_194017,4166910,2541,36
20260801_194017,4166910,5049,1
20260801_194017,4166910,2414,26
20260801_194017,4166910,2415,47
20260801_194017,4166910,2416,30
20260801_194017,4166910,2418,68
20260801_194017,4166910,2419,19
20260801_194017,4166910,2420,41
20260801_194017,4166910,2020,0
20260801_194017,4166910,2021,27
20260801_194017,4166910,2424,3
20260801_194017,4166910,2022,-20
20260801_194017,4166910,2023,-21
20260801_194017,4166910,4031,-24
20260801_194017,4166910,4033,0
20260801_194017,4166910,3673,-5
20260801_194017,4166910,4034,-17
20260801_194017,4166910,3789,19
20260801_194017,4166910,1925,-28
20260801_194017,4166910,4037,5
20260801_194017,4166910,4016,14
20260801_194017,4166910,3756,0
20260801_194017,4166910,4009,13
20260801_194017,4166910,2088,-15
20260801_194017,4166910,4043,23
20260801_194017,4166910,1212,17
20260801_194017,4166910,1126,0
20260801_194017,4166912,3495,0
20260801_194017,4166912,2497,13
20260801_194017,4166912,2506,-19
20260801_194017,4166912,2736,-21
20260801_194017,4166912,2737,25
20260801_194017,4166912,2738,8
20260801_194017,4166912,2740,-11
20260801_194017,4166912,1905,-5
20260801_194017,4166912,1906,-4
20260801_194017,4166912,2349,0
20260801_194017,4166912,2296,-5
20260801_194017,4166912,2745,-6
20260801_194017,4166912,2746,10
20260801_194017,4166912,2748,12
20260801_194017,4166912,2749,17
20260801_194017,4166912,2750,0
20260801_194017,4166912,2751,-18
20260801_194017,4166912,2752,-22
20260801_194017,4166912,2410,8
20260801_194017,4166912,1376,0
20260801_194017,4166912,1313,16
20260801_194017,4166912,1292,-9
20260801_194017,4166912,3226,0
20260801_194017,4166912,2541,10
20260801_194017,4166912,5049,-25
20260801_194017,4166912,2414,0
20260801_194017,4166912,2415,21
20260801_194017,4166912,2416,-17
20260801_194017,4166912,2418,21
20260801_194017,4166912,2419,-28
20260801_194017,4166912,2420,-6
20260801_194017,4166912,2020,0
20260801_194017,4166912,2021,27
20260801_194017,4166912,2424,3
20260801_194017,4166912,2022,-20
20260801_194017,4166912,2023,-21
20260801_194017,4166912,4031,-24
20260801_194017,4166912,4033,0
20260801_194017,4166912,3673,-5
20260801_194017,4166912,4034,-17
20260801_194017,4166912,3789,19
20260801_194017,4166912,1925,-28
20260801_194017,4166912,4037,5
20260801_194017,4166912,4016,14
20260801_194017,4166912,3756,0
20260801_194017,4166912,4009,13
20260801_194017,4166912,2088,-15
20260801_194017,4166912,4043,23
20260801_194017,4166912,1212,17
20260801_194017,4166912,1126,0
20260801_194017,4166911,3495,598
20260801_194017,4166911,2497,586
20260801_194017,4166911,2506,554
20260801_194017,4166911,2736,552
20260801_194017,4166911,2737,598
20260801_194017,4166911,2738,581
20260801_194017,4166911,2740,562
20260801_194017,4166911,1905,568
20260801_194017,4166911,1906,569
20260801_194017,4166911,2349,573
20260801_194017,4166911,2296,568
20260801_194017,4166911,2745,567
20260801_194017,4166911,2746,583
20260801_194017,4166911,2748,585
20260801_194017,4166911,2749,590
20260801_194017,4166911,2750,573
20260801_194017,4166911,2751,555
20260801_194017,4166911,2752,551
20260801_194017,4166911,2410,581
20260801_194017,4166911,1376,573
20260801_194017,4166911,1313,589
20260801_194017,4166911,1292,564
20260801_194017,4166911,3226,573
20260801_194017,4166911,2541,583
20260801_194017,4166911,5049,548
20260801_194017,4166911,2414,573
20260801_194017,4166911,2415,594
20260801_194017,4166911,2416,556
20260801_194017,4166911,2418,594
20260801_194017,4166911,2419,545
20260801_194017,4166911,2420,567
20260801_194017,4166911,2020,573
20260801_194017,4166911,2021,600
20260801_194017,4166911,2424,576
20260801_194017,4166911,2022,553
20260801_194017,4166911,2023,552
20260801_194017,4166911,4031,549
20260801_194017,4166911,4033,573
20260801_194017,4166911,3673,568
20260801_194017,4166911,4034,556
20260801_194017,4166911,3789,592
20260801_194017,4166911,1925,545
20260801_194017,4166911,4037,578
20260801_194017,4166911,4016,587
20260801_194017,4166911,3756,573
20260801_194017,4166911,4009,586
20260801_194017,4166911,2088,558
20260801_194017,4166911,4043,596
20260801_194017,4166911,1212,590
20260801_194017,4166911,1126,573
